Time,"A001, Bicentennial Bikeway, Auchenflower Pedestrian","A001, Bicentennial Bikeway, Auchenflower Cyclist","A019, Bicentennial Bikeway, Milton Pedestrian","A019, Bicentennial Bikeway, Milton Cyclist","A002, Bishop Street, Kelvin Grove Pedestrian","A002, Bishop Street, Kelvin Grove Cyclist","A023, Botanic Gardens, City Pedestrian","A023, Botanic Gardens, City Cyclist","A003, Ekibin Park, Greenslopes Pedestrian","A003, Ekibin Park, Greenslopes Cyclist","A004S, Eleanor Schonell Br Cyclists, St Lucia","A004N, Eleanor Schonell Br Peds, St Lucia","A005W, Go Between Br Cyclists, South Brisbane","A006, Granville St Bridge, Herston Pedestrian","A006, Granville St Bridge, Herston Cyclist","A020, Gympie Rd (Marchant Park), Chermside Pedestrian","A020, Gympie Rd (Marchant Park), Chermside Cyclist","A007, Jack Pesch Bridge, Indooroopilly Pedestrian","A007, Jack Pesch Bridge, Indooroopilly Cyclist","A008, Kangaroo Point Bikeway, Kangaroo Point Pedestrian","A008, Kangaroo Point Bikeway, Kangaroo Point Cyclist","A009, Kedron Brook Bikeway, Lutwyche Pedestrian","A009, Kedron Brook Bikeway, Lutwyche Cyclist","A010, Kedron Brook Bikeway, Mitchelton Pedestrian","A010, Kedron Brook Bikeway, Mitchelton Cyclist","A011, Lambert Rd, Indooroopilly","A021, Lores Bonney Riverwalk, Hamilton Pedestrian","A021, Lores Bonney Riverwalk, Hamilton Cyclist","A018, Macquarie Street, St Lucia Pedestrian","A018, Macquarie Street, St Lucia Cyclist","A017, Norman Creek Bridge, Norman Park Pedestrian","A017, Norman Creek Bridge, Norman Park Cyclist","A012, North Brisbane Bway (Mann Park), Windsor Pedestrian","A012, North Brisbane Bway (Mann Park), Windsor Cyclist","A013, Riverwalk, Newfarm Pedestrian","A013, Riverwalk, Newfarm Cyclist","A014, Schulz Canal Bridge, Nundah Pedestrian","A014, Schulz Canal Bridge, Nundah Cyclist","A022, Stanley Street, South Brisbane","A016E, Story Bridge East, Kangaroo Point Pedestrian","A016E, Story Bridge East, Kangaroo Point Cyclist","A016W, Story Bridge West, Kangaroo Point Pedestrian","A016W, Story Bridge West, Kangaroo Point Cyclist","A024, Land Bridge ICB, Spring Hill Pedestrian","A024, Land Bridge ICB, Spring Hill Cyclist","A025, Maritime Museum, South Brisbane Pedestrian","A025, Maritime Museum, South Brisbane Cyclist","A026, Annerley Rd, South Brisbane","A027, Kurilpa Bridge Tank Street, Brisbane City","A101 :Bicentennial Bikeway, A-flower Land St Tunnel :Pedestrian","A101 :Bicentennial Bikeway, A-flower Land St Tunnel :Cyclist","A102 :Land Street Tunnel, Auchenflower :Pedestrian","A102 :Land Street Tunnel, Auchenflower :Cyclist","A103 :Bridge St, Wooloowin :Cyclist"
1/01/2020,1334,1814,1334,1814,147,73,0,1618,603,295,0,534,963,126,115,74,13,322,414,2569,910,635,722,213,164,0,1152,630,536,460,79,10,121,137,,,143,87,417,,,954,352,,,,,,,327,2311,,1352,
2/01/2020,1389,2749,1389,2749,200,109,0,1664,765,242,0,673,1186,160,280,84,35,429,519,2354,1098,818,833,232,179,0,1043,720,578,677,100,20,287,336,,,611,166,668,,,576,450,,,,,,,468,4000,,2091,
3/01/2020,1324,2935,1324,2935,183,121,0,1725,691,302,0,639,1256,163,300,71,19,513,751,2387,1104,650,867,255,184,0,1103,816,625,692,94,23,248,310,,,1072,148,711,,,505,517,,,,,,,463,3704,,2121,
4/01/2020,1277,2388,1277,2388,324,92,0,1588,1211,291,0,523,1167,160,200,106,20,351,650,2624,996,1189,878,265,215,0,1148,771,606,648,110,4,151,213,,,417,146,600,,,666,320,,,,,,,426,2943,,1698,
5/01/2020,1646,2808,1646,2808,198,116,0,2107,733,406,0,524,1304,127,181,118,15,371,739,3058,1203,841,1072,278,220,0,1357,1007,617,804,98,11,205,207,,,220,133,596,,,741,389,,,,,,,542,3623,,2213,
6/01/2020,1848,3384,1848,3384,225,140,0,2015,872,282,0,1123,1381,216,604,90,40,283,453,2315,1257,852,726,267,233,0,1192,591,669,778,81,18,447,583,,,523,134,969,,,596,609,,,,,,,633,4227,,2784,
7/01/2020,1774,4126,1774,4126,277,183,0,2421,835,285,0,1145,1718,240,698,96,47,398,722,2606,1397,902,921,254,247,0,1281,807,653,950,90,34,465,595,,,345,161,1058,,,566,682,,,,,,,677,5398,,3514,
8/01/2020,1673,4078,1673,4078,314,175,0,2328,741,264,0,1040,1609,239,724,102,41,376,759,2415,1359,793,808,208,224,0,1121,735,677,997,135,23,439,619,,,610,192,1094,,,568,666,,,,,,,738,5273,,3529,
9/01/2020,1544,3908,1544,3908,227,139,0,2238,718,315,0,935,1542,241,663,82,21,412,690,2290,1296,716,820,256,231,0,1089,758,678,966,82,23,430,597,,,269,215,1083,,,622,671,,,,,,,694,4922,,3279,
10/01/2020,1299,3837,1299,3837,182,180,0,2191,546,292,0,820,1671,181,561,65,22,436,922,2161,1253,655,778,229,231,0,1048,747,527,922,62,31,340,533,,,167,204,982,,,512,647,,,,,,,615,4908,,2931,
11/01/2020,875,2619,875,2619,221,89,0,1589,1151,286,0,430,1287,91,197,68,34,304,807,2210,951,1118,971,207,174,0,968,782,447,759,18,7,168,203,,,90,151,547,,,548,354,,,,,,,369,3363,,1940,
12/01/2020,1393,1814,1393,1814,271,109,0,1418,1018,366,0,705,883,169,124,73,14,282,412,2975,846,892,827,284,162,0,1375,713,661,577,18,12,132,157,,,328,128,500,,,934,301,,,,,,,318,2195,,1165,
13/01/2020,1739,3982,1739,3982,335,191,0,2260,999,318,0,1404,1453,348,709,105,36,441,469,2578,1417,850,796,296,247,0,1405,739,707,885,83,34,554,585,,,272,212,1040,,,764,673,,,,,,,436,4955,,3373,
14/01/2020,1690,4276,1690,4276,252,171,0,2257,989,310,0,1426,1672,268,659,89,33,471,711,2594,1371,904,866,313,248,0,1448,771,709,931,88,30,535,593,,,88,224,1114,,,648,709,,,,,,,518,5461,,3622,
15/01/2020,1628,3975,1628,3975,250,165,0,2172,810,317,0,1450,1599,250,630,92,42,409,655,2366,1261,671,755,274,238,0,1175,729,735,839,67,33,546,625,,,213,169,1064,,,608,645,,,,,,,459,4944,,3311,
16/01/2020,1146,3133,1146,3133,281,150,0,1881,818,203,0,1390,1291,257,591,86,23,393,422,1688,1046,639,609,226,183,0,997,555,570,693,24,26,500,563,,,703,119,898,,,610,584,,,,,,,500,3927,,2754,
17/01/2020,1092,2835,1092,2835,189,129,0,1633,559,227,0,1257,1267,198,469,62,23,308,472,1709,795,484,504,191,198,0,839,435,554,604,30,11,343,370,,,111,90,761,,,508,456,,,,,,,434,3407,,2213,
18/01/2020,809,972,809,972,492,59,2423,721,527,202,0,572,559,247,82,44,14,,,1724,453,581,381,255,111,81,791,336,451,265,30,11,113,103,,,90,18,336,,,481,220,,,,,,,242,1099,,620,
19/01/2020,1584,2116,1584,2116,284,132,4699,1533,709,307,0,940,1018,194,141,128,29,,,2999,981,736,887,225,186,443,1180,923,693,537,56,15,148,237,,,604,166,547,,,906,330,,,,,,,443,2866,,1509,
20/01/2020,1339,3424,1339,3424,232,153,3593,1891,599,244,0,1301,1317,219,640,85,28,,,1777,1134,495,605,181,200,555,780,639,594,705,19,19,383,683,,,75,117,952,,,466,584,,,,,,,495,4324,,2893,
21/01/2020,1237,3585,1237,3585,329,153,3895,2040,760,281,0,1237,1452,292,589,87,35,,,2004,1174,751,648,214,166,588,998,687,649,806,426,24,427,639,,,351,202,1005,,,716,664,,,,,,,495,4454,,3005,
22/01/2020,1245,4117,1245,4117,252,147,3913,2227,585,259,0,1146,1644,214,669,82,23,,,1795,1348,603,748,179,214,756,838,733,658,853,283,16,262,704,,,777,215,1120,,,508,623,,,,,,,673,5195,,3412,
23/01/2020,1203,3594,1203,3594,278,164,3848,2091,596,261,0,1368,1524,265,562,81,26,,,1651,1116,675,684,147,195,708,873,724,586,816,221,18,259,601,,,174,113,1036,,,449,635,,,,,,,536,4426,,2900,
24/01/2020,1022,3426,1022,3426,178,128,3666,1924,484,264,0,1144,1579,211,500,49,19,,,1520,1120,521,644,188,160,634,780,636,554,753,212,23,207,567,,,109,145,911,,,391,600,,,,,,,508,4398,,2704,
25/01/2020,952,1774,952,1774,453,113,4145,1295,820,215,0,497,1019,163,162,65,14,,,1951,777,1168,776,200,121,385,929,692,552,439,111,7,135,230,,,55,103,503,,,446,321,,,,,,,266,2254,,1145,
26/01/2020,1185,2489,1185,2489,239,126,4780,1838,597,333,0,566,1161,161,189,58,13,,,2436,977,629,1011,235,218,444,1043,977,556,624,185,15,147,287,,,145,150,643,,,629,358,,,,,,,465,3071,,1694,
27/01/2020,1600,2602,1600,2602,336,171,1204,563,696,335,0,727,1292,213,226,86,24,,,2687,1216,875,1309,289,262,450,1422,1003,667,647,233,18,187,278,,,78,60,571,,,541,353,,,,,,,400,3260,,1904,
28/01/2020,1439,3317,1439,3317,346,142,,,794,241,,1343,1405,288,504,111,21,,,1958,1116,713,693,206,171,456,1001,573,606,684,403,37,276,555,,,37,58,875,,,458,590,,,,,,,457,4170,,2818,
29/01/2020,1366,4313,1366,4313,316,181,,,684,285,,1129,1755,233,736,75,24,,,1976,1401,747,923,188,220,703,1088,870,634,930,392,34,270,782,,,148,115,1160,,,489,744,,,,,,,622,5504,,3664,
30/01/2020,1408,4171,1408,4171,290,158,,,722,258,,1291,1648,237,691,69,26,,,1908,1341,756,883,194,210,768,1070,800,605,905,422,33,326,711,,,753,239,1182,,,415,677,,,,,,,685,5305,,3605,
31/01/2020,1133,4066,1133,4066,307,166,,,566,273,,1256,1836,291,571,62,16,,,1782,1277,643,908,237,256,891,836,710,687,931,388,34,264,544,,,1494,113,1052,,,475,614,,,,,,,585,5243,,3229,
1/02/2020,1212,2631,1212,2631,519,130,,,1229,267,,584,1305,148,181,68,10,,,2336,1031,1180,937,214,186,688,984,872,726,662,229,6,137,269,,,1356,80,660,,,649,359,,,,,,,404,3552,,1939,
2/02/2020,1456,2819,1456,2819,242,138,,,534,331,,581,1217,180,169,91,26,,,2845,1259,673,1174,235,214,727,1079,1099,591,758,184,13,135,274,,,1926,422,592,,,779,406,,,,,,,507,3700,,2036,
3/02/2020,1391,3740,1391,3740,231,177,,,576,293,,808,1395,238,707,80,25,,,1692,1303,659,740,184,167,589,904,705,530,797,354,29,261,645,,,1466,189,1069,,,463,685,,,,,,,742,4655,,3151,
4/02/2020,1091,3869,1091,3869,375,160,,,738,233,,1634,1567,302,662,65,20,,,1870,1179,682,646,219,159,727,778,620,708,832,360,38,287,582,,,557,94,1044,,,668,680,,,,,,,598,4870,,3259,
5/02/2020,1057,2838,1057,2838,346,132,,1554,780,198,,1481,1159,267,482,72,19,,,1715,1033,590,565,160,114,584,784,499,715,656,325,23,292,439,,,251,46,883,,,715,570,,,,,,,209,1460,,1535,
6/02/2020,158,727,158,727,69,29,,351,54,19,,682,273,70,158,20,5,,,259,179,177,41,21,26,120,92,107,177,125,35,13,44,134,,,15,32,253,,,153,166,,,,,,,,,,,
7/02/2020,779,1487,779,1487,197,52,,829,444,109,,1333,745,186,271,44,13,,,1436,500,248,280,158,81,246,624,279,571,330,268,27,137,232,,,273,56,556,,,436,369,,,,,,,,,,,
8/02/2020,1093,1669,1093,1669,601,70,,856,1256,217,,762,893,169,144,78,5,,,1779,593,520,655,333,147,434,946,448,635,452,181,4,146,136,,,136,72,453,,,483,276,,,,,,,,,,,
9/02/2020,1215,1202,1215,1202,291,78,,737,657,163,,753,586,217,115,85,15,,,2169,481,401,503,353,146,264,1165,424,646,320,188,7,116,128,,,164,125,325,,,699,237,,,,,,,,,,,
10/02/2020,1292,3173,1292,3173,308,113,,1827,679,231,,1364,1285,293,567,71,26,,,1837,965,313,598,243,158,506,982,548,556,697,326,29,270,534,,,175,60,879,,,414,576,,,,,,,,,,,
11/02/2020,1338,3489,1338,3489,311,100,,1825,727,201,,1507,1440,280,568,88,34,,,1902,1009,237,449,236,150,497,993,559,742,779,362,34,204,490,,,281,108,945,,,571,624,,,,,,,,,,,
12/02/2020,738,2483,738,2483,190,99,,1046,395,97,,1217,978,247,452,46,13,,,1143,668,199,321,128,92,458,499,357,461,490,148,10,135,330,,,194,114,668,,,376,412,,,,,,,,,,,
13/02/2020,633,1450,633,1450,198,42,,649,302,52,,1118,659,230,254,46,2,,,975,369,52,127,123,61,202,432,173,433,302,209,8,11,200,,,313,36,495,,,393,311,,,,,,,,,,,
14/02/2020,1294,3212,1294,3212,285,98,,1776,567,148,,1302,1404,304,498,145,17,,,2029,950,199,516,37,130,567,1036,572,677,748,348,24,20,454,,,604,115,860,,,551,553,,,,,,,695,,345,942,
15/02/2020,1370,2797,1370,2797,572,70,,1593,1360,343,,812,1479,536,233,87,24,,,2385,984,967,938,148,182,637,1159,891,774,667,205,14,0,245,,,300,191,680,,,620,394,,,,,,,796,,433,2661,
16/02/2020,1512,3086,1512,3086,312,114,,1983,548,313,,826,1422,209,182,109,13,,,2751,1283,764,1180,30,222,720,1396,1040,720,814,208,9,0,335,,,99,111,686,,,738,460,,,,,,,918,,416,2157,
17/02/2020,1566,4006,1566,4006,330,158,,2359,718,297,,1717,1585,357,739,333,23,,,2185,1313,690,732,168,203,572,1164,708,857,905,399,33,0,691,,,678,118,1057,,,495,657,,,,,,,236,,929,3541,
18/02/2020,1534,4706,1534,4706,385,173,,2362,647,308,,1562,1915,336,729,197,29,,,2144,1424,715,926,92,215,740,1093,786,826,1086,449,41,0,724,,,725,148,1165,,,515,753,,,,,,,262,1920,495,4013,
19/02/2020,1188,4297,1188,4297,324,152,,2285,460,261,,1457,1649,281,701,99,30,,,1789,1220,535,788,22,145,676,910,701,690,1000,283,24,0,735,,,452,111,1149,,,403,674,,,,,,,365,5697,412,3785,
20/02/2020,1420,3932,1420,3932,333,147,,2209,580,259,,1566,1626,348,661,202,13,,,1900,1282,562,735,43,140,658,1039,780,759,959,385,36,98,662,,,1281,215,1145,,,503,684,,,,,,,371,4982,446,3259,
21/02/2020,1205,3920,1205,3920,302,144,,2045,588,265,,1781,1798,289,581,89,19,,,1859,1237,573,758,37,183,636,904,685,768,915,313,29,78,598,,,209,88,1090,,,477,696,,,,,,,296,4994,391,3070,
22/02/2020,1399,2947,1399,2947,709,121,,1615,1263,335,,877,1467,651,233,89,35,,,2642,1002,1209,860,0,153,537,1314,915,828,734,200,6,50,265,,,324,55,679,,,777,420,,,,,,,271,3744,370,2221,
23/02/2020,1573,2343,1573,2343,391,124,,1647,954,344,,966,1026,247,145,79,13,219,134,3004,904,729,863,0,205,464,1334,1042,784,654,206,12,80,228,,,541,75,634,,,970,380,,,,,,,255,3147,433,1779,
24/02/2020,1491,3023,1491,3023,289,111,,1857,857,233,,2552,1181,310,563,88,22,288,322,2025,1009,398,522,0,139,426,914,498,814,796,299,40,165,515,,,38,54,965,,,694,533,,,,,,,271,3623,493,2431,
25/02/2020,1677,4625,1677,4625,213,66,,2437,847,301,,2628,1803,310,693,102,15,489,804,2270,1268,825,798,0,196,829,1206,668,989,1226,423,26,198,682,,,180,205,1249,,,627,704,,,,,,,338,5868,620,3949,
26/02/2020,1497,4288,1497,4288,177,51,,2450,625,288,,2371,1669,313,696,79,22,530,782,2138,1355,660,808,0,175,752,1075,804,867,1185,354,23,129,724,,,182,183,1308,,,466,710,,,,,,,338,5572,587,3729,
27/02/2020,1405,3892,1405,3892,161,34,,1974,761,246,,2431,1523,260,577,80,26,401,618,1909,1140,549,699,0,139,703,896,661,853,1021,297,19,167,612,,,109,81,1213,,,554,608,,,,,,,290,4883,558,3313,
28/02/2020,1197,3880,1197,3880,137,38,,2074,603,260,,1906,1711,258,602,67,12,550,885,1862,1158,521,638,0,151,817,898,739,846,1016,291,24,138,550,,,384,89,1110,,,488,633,,,,,,,305,5061,499,3158,
29/02/2020,1321,2656,1321,2656,169,35,,1640,1385,296,,843,1459,173,176,83,19,366,801,2748,1080,1164,979,0,157,700,1253,809,834,758,191,14,76,245,,,58,24,723,,,609,435,,,,,,,268,3742,444,2036,
1/03/2020,1807,2945,1807,2945,233,71,,963,757,350,,939,1354,217,185,72,11,451,741,3040,1334,838,1246,0,258,720,1524,1113,790,818,209,15,254,379,,,139,72,673,,,744,438,,,,,,,312,4306,498,2225,
2/03/2020,1749,4060,1749,4060,148,47,,2403,666,246,,1828,1462,331,634,76,16,330,549,2058,1301,695,803,0,187,616,1060,723,687,1086,388,37,251,744,,,791,124,1171,,,423,671,,,,,,,317,5028,540,3465,
3/03/2020,1552,4769,1552,4769,141,40,,2551,628,298,,2023,1847,338,643,87,29,501,757,2206,1484,706,934,0,209,898,1111,782,842,1262,376,32,261,789,,,1405,219,1299,,,424,739,,,,,,,351,6186,599,3964,
4/03/2020,1421,3539,1421,3539,133,35,,1915,579,228,,2470,1400,288,622,85,24,354,400,1972,1086,579,706,0,120,481,981,610,914,1005,299,30,313,676,,,419,96,1090,,,417,643,,,,,,,289,4352,515,3036,
5/03/2020,1499,4420,1499,4420,172,37,,2329,753,281,,2376,1710,314,665,72,17,604,790,2086,1288,661,798,0,180,789,1123,742,820,1168,320,32,288,716,,,333,74,1286,,,432,709,,,,,,,333,5718,516,3717,
6/03/2020,891,3534,891,3534,165,41,,1688,388,201,,1865,1524,215,543,44,18,352,836,1627,1048,446,652,0,120,812,655,597,657,909,175,23,204,503,,,113,22,1011,,,381,609,,,,,,,232,4466,380,2825,
7/03/2020,1227,2336,1227,2336,138,25,,1429,1002,261,,791,1230,167,167,84,18,372,670,2403,957,1096,859,0,153,545,1225,772,746,624,169,11,131,256,,,293,154,619,,,552,353,,,,,,,246,3155,404,1864,
8/03/2020,1765,2779,1765,2779,235,55,,1328,825,459,,1109,1436,297,205,64,12,447,810,2675,959,794,1188,0,235,753,1746,1178,1057,807,240,10,193,448,,,163,234,690,,,3795,433,,,,,,,307,3544,422,2044,
9/03/2020,381,1504,381,1504,52,16,,835,233,50,,1796,496,160,281,26,16,141,190,686,378,182,162,0,44,262,262,221,359,299,48,26,114,243,,,36,93,387,,,298,292,,,,,,,177,1760,244,1260,
10/03/2020,792,2175,792,2175,96,18,,1159,482,116,,2376,819,204,350,57,13,268,242,1314,627,194,326,0,64,382,520,263,684,662,169,10,191,364,,,62,121,723,,,495,414,,,,,,,260,2700,419,1893,
11/03/2020,1864,4267,1864,4267,199,38,,2194,817,255,,2724,1632,350,665,87,25,602,748,2398,1407,739,718,0,164,802,1247,686,983,1165,474,29,431,717,,,102,237,1196,,,708,703,,,,,,,371,5493,677,3685,
12/03/2020,950,3559,950,3559,107,19,,1816,553,189,,2248,1379,289,567,60,16,517,616,1371,1043,438,660,0,136,718,600,534,697,947,263,29,275,587,,,99,170,1048,,,507,584,,,,,,,262,4497,432,3179,
13/03/2020,1179,3059,1179,3059,181,38,,1647,601,239,,2191,1344,270,383,66,13,444,600,2032,982,344,533,0,126,536,829,528,795,817,291,20,244,508,,,107,138,998,,,621,543,,,,,,,287,3730,593,2302,
14/03/2020,1591,2732,1591,2732,380,98,,1533,1328,354,,934,1387,235,189,89,26,504,708,2719,1050,1172,945,0,216,641,1346,908,854,802,243,6,185,328,,,146,245,652,126,183,809,382,,,,,,,263,3503,461,2037,
15/03/2020,1840,2866,1840,2866,499,174,,1901,895,426,,984,1275,271,241,81,34,484,754,3059,1226,1021,1210,0,314,786,1731,1080,794,764,258,22,262,348,,,172,319,663,520,738,869,397,,,,,,,341,3858,541,2185,
16/03/2020,1879,3680,1879,3680,348,147,,2140,854,260,,1349,1400,349,656,85,19,405,533,2060,1188,766,720,0,194,513,1285,698,726,841,383,23,364,700,,,132,205,1100,388,1022,614,623,,,,,,,316,4884,559,3192,
17/03/2020,1982,4208,1982,4208,442,137,,2078,1060,264,,1417,1692,484,603,85,37,640,719,2236,1268,836,856,0,210,634,1321,726,860,942,440,29,367,682,,,172,244,1110,401,1013,646,698,,,,,,,311,5242,571,3418,
18/03/2020,1957,3856,1957,3856,472,141,,2154,997,313,,1186,1480,351,605,102,14,550,669,2169,1183,871,867,0,203,703,1469,696,853,890,403,25,412,644,,,151,232,1097,347,982,610,664,,,,,,,341,4897,568,3240,
19/03/2020,2095,3768,2095,3768,438,155,,2027,1012,305,,1232,1538,330,619,111,20,615,731,2251,1198,951,935,,,723,1349,755,917,921,430,20,370,682,,,305,183,1044,361,942,580,644,,,,,,,364,4796,600,3087,
20/03/2020,1689,3459,1689,3459,357,139,,1917,827,266,,1093,1596,343,527,104,18,623,795,1980,1097,896,905,,,823,1175,727,776,851,384,24,407,580,,,539,172,989,332,916,504,553,,,,,,,288,4444,494,2673,
21/03/2020,1985,3042,1985,3042,391,189,,1942,1037,474,,739,1531,229,234,96,25,543,796,2780,1162,1182,1317,,,697,1731,1057,890,815,268,11,250,377,,,733,232,678,351,800,630,403,,,,,,,320,3913,511,2274,
22/03/2020,2169,3440,2169,3440,580,239,,2273,931,488,,797,1414,251,249,100,20,503,877,2937,1327,1001,1597,,,795,1870,1283,898,999,268,16,257,471,,,958,318,720,351,761,627,463,,,,,,,326,4284,600,2391,
23/03/2020,1826,3016,1826,3016,422,154,,1491,1027,307,,1122,1148,372,561,131,37,417,470,1882,904,1006,876,,,528,1476,641,875,715,256,24,314,559,,,370,176,962,240,747,545,514,,,,,,,298,3657,513,2490,
24/03/2020,2106,3347,2106,3347,519,131,,1630,1381,290,,1223,1349,389,487,113,29,620,651,2185,963,1230,968,,,715,1775,659,966,814,329,33,361,516,,,93,214,873,305,800,757,509,,,,,,,365,4127,554,2592,
25/03/2020,2143,2869,2143,2869,553,146,,1460,1342,349,,1128,1147,396,412,157,33,547,598,2315,862,1213,1030,,,540,2003,702,1023,757,273,23,389,491,,,122,215,800,345,708,596,478,,,,,,,370,3486,556,2199,
26/03/2020,2312,3178,2312,3178,593,186,,1529,1482,386,,1087,1270,454,441,127,20,604,774,2502,1083,1306,1280,,,742,2036,808,1031,928,358,14,567,492,,,668,241,725,372,773,586,474,,,,,,,364,3983,638,2332,
27/03/2020,1644,2734,1648,2692,462,105,,1318,1173,320,,910,1175,302,314,128,32,531,747,1933,838,967,921,,,685,1718,692,840,755,243,21,284,391,,,257,214,706,333,716,583,445,,,,,,,328,3229,419,1832,
28/03/2020,2515,3319,2376,3446,841,257,,2250,1551,626,,1051,1521,375,277,191,32,743,876,3078,1383,1595,1964,,,822,2595,1362,1184,1073,401,21,261,473,,,151,268,735,419,774,820,521,,,,,,,395,3982,624,2291,
29/03/2020,2482,3977,2036,4070,926,325,,2858,1605,714,,1174,1648,388,280,193,46,633,1072,3238,1652,1676,2664,,,912,2879,1820,1109,1124,454,18,209,590,,,218,285,696,450,916,823,541,,,,,,,415,4650,702,2585,
30/03/2020,2391,2844,1917,2990,671,191,,1579,1574,425,,1009,1187,417,332,171,45,533,623,2599,1000,1467,1457,,,564,2436,879,1080,889,370,27,92,458,,,353,136,700,341,656,640,447,,,,,,,368,3238,601,1947,
31/03/2020,2662,3491,1741,3496,674,218,,1851,1688,555,,1044,1376,428,327,196,30,645,871,2797,1185,1602,1651,,,783,2514,1042,1167,1018,338,36,52,474,,,211,202,795,379,754,559,505,,,,,,,393,4061,663,2395,
1/04/2020,2618,3381,1809,3486,715,233,,2047,1757,590,,977,1432,453,357,179,39,686,857,2809,1245,1478,1626,,,752,2528,1081,1200,993,462,24,79,524,,,232,185,840,376,825,697,493,,,,,,,462,3962,633,2343,
2/04/2020,2665,3459,1753,3549,796,269,,1868,1700,587,,1076,1411,402,328,173,53,661,861,2882,1105,1535,1692,,,742,2600,998,1135,1067,387,34,68,542,,,277,212,835,366,751,702,475,,,,,,,427,4118,641,2338,
3/04/2020,2188,3599,1556,3671,655,214,,1958,1384,547,,1000,1530,369,347,172,52,770,882,2679,1224,1383,1649,,,807,2205,1167,1081,1081,328,11,75,514,,,220,156,941,321,897,629,535,,,,,,,336,4097,547,2353,
4/04/2020,2422,3991,1835,4092,766,268,,2950,1410,700,,1063,1804,322,317,197,57,640,1143,3256,1496,1354,2269,,,908,2632,1742,1244,1281,313,28,45,589,,,873,314,824,382,946,718,529,,,,,,,346,4616,546,2619,
5/04/2020,2858,4909,2177,5124,997,387,,3621,1759,1024,,1407,2035,384,354,187,39,902,1298,4269,2160,1660,2875,,,1159,3137,2294,1391,1457,620,32,572,779,,,996,343,925,522,1158,1152,757,,,,,,,463,5622,640,3094,
6/04/2020,2750,3171,1980,3283,917,270,,1869,1884,671,,1115,1299,457,339,245,47,660,696,3239,1193,1566,1773,,,545,2772,1194,1119,958,512,33,481,485,,,852,163,792,340,756,806,534,,,,,,,444,3557,639,2087,
7/04/2020,2837,3853,1936,3927,863,263,,2117,1947,686,,1262,1534,510,345,243,51,745,1033,3218,1432,1680,2025,,,833,2807,1318,1218,1192,525,31,440,607,,,346,302,866,380,852,1001,597,,,,,,,443,4500,647,2596,
8/04/2020,2559,3561,1979,3623,817,248,,1972,1801,684,,1149,1481,388,377,218,43,686,1013,2997,1222,1590,1742,,,771,2481,1176,1111,1084,391,33,490,562,,,142,256,847,399,850,972,498,,,,,,,371,4136,618,2432,
9/04/2020,2298,3451,1748,3533,717,272,,1848,1672,614,,1101,1458,420,303,193,53,778,986,2723,1195,1473,1717,,,816,2640,1102,1103,1047,352,32,391,484,,,133,229,873,361,803,895,508,,,,,,,332,4002,539,2263,
10/04/2020,2828,4407,2594,4582,1168,398,,3285,2036,913,,1613,1888,421,344,296,50,917,1378,3708,1796,1804,2768,,,1102,3300,2021,1436,1550,506,39,536,671,,,162,428,938,525,1084,1215,647,,,,,,,465,5088,689,2762,
11/04/2020,2654,4603,2113,4827,789,383,,3284,1731,925,,1179,2049,430,364,235,63,714,1351,3451,1919,1513,2608,,,1021,2727,2066,1274,1330,710,33,340,613,,,299,285,940,536,1156,824,593,,,,,,,460,5474,623,3168,
12/04/2020,2923,4320,2105,4461,978,418,,3711,1936,1003,,1454,1904,427,309,252,89,815,1222,3868,1948,1626,2484,,,940,3163,2293,1461,1421,783,40,440,727,,,434,310,935,481,1254,1105,728,,,,,,,508,4986,592,2778,
13/04/2020,3235,5156,2432,5421,1137,433,,4508,2125,1136,,1679,2125,499,354,329,77,999,1482,4510,2340,1931,3273,,,1217,3572,2642,1488,1647,692,41,578,882,,,496,365,956,621,1375,1395,707,,,,,,,496,6017,722,3412,
14/04/2020,2955,3467,2443,3543,968,306,,2181,1982,637,,1198,1443,464,315,251,71,808,929,3377,1287,1732,1998,,,738,2793,1338,1228,1060,573,23,400,529,,,689,205,885,404,800,1059,561,,,,,,,422,3980,673,2329,
15/04/2020,3009,4168,2372,4378,931,277,,2536,2147,772,,1271,1814,485,364,270,73,832,1141,3506,1377,1728,2174,,,961,2950,1450,1362,1208,498,31,508,642,,,506,244,936,296,530,1397,950,,,,,,,482,4818,678,2798,
16/04/2020,2892,3882,2426,4125,913,324,,2505,1822,725,,1214,1617,475,426,281,66,818,1107,3492,1463,1747,2123,,,975,2906,1443,1269,1233,492,25,464,621,,,566,222,950,277,559,1145,905,,,,,,,490,4564,696,2598,
17/04/2020,2497,3843,1964,4092,673,262,,2342,1339,689,,1015,1727,400,388,221,48,676,1059,3110,1455,1411,2167,,,928,2502,1391,1033,1202,317,28,344,573,,,232,266,922,268,567,942,907,,,,,,,431,4547,656,2517,
18/04/2020,2438,3999,2036,4384,819,284,,3003,1736,812,,1225,1975,399,332,224,46,676,1369,3506,1700,1589,2285,,,1076,2511,1858,1189,1166,301,32,403,549,,,143,482,856,503,1023,1154,617,,,,,,,380,4894,590,2734,
19/04/2020,2971,4651,2798,4800,1119,407,,4010,2143,1059,,1767,2143,460,302,251,51,963,1322,4235,2116,1708,2700,,,989,3204,2300,1576,1308,488,63,491,787,,,192,480,936,635,1170,1621,768,,,,,,,452,5330,715,2937,
20/04/2020,2898,3256,2569,3346,813,266,,2300,2032,661,,1245,1310,504,329,255,46,705,722,3450,1235,1660,1788,,,653,2838,1271,1294,1027,580,15,470,553,,,643,192,878,300,434,1307,859,,,,,,,495,3673,665,2116,
21/04/2020,2996,3976,2324,4035,845,263,,2391,1984,675,,1392,1602,457,346,286,55,870,1012,3569,1386,1762,2004,,,764,2860,1365,1391,1186,423,21,545,646,,,1025,306,979,454,814,1141,576,,,,,,,479,4666,702,2591,
22/04/2020,2859,3917,2162,3973,728,231,,2334,1851,587,,1209,1611,451,340,289,72,818,1004,3561,1418,1664,1791,,,849,2778,1261,1200,1224,474,29,475,632,,,529,313,890,424,909,964,660,,,,,,,432,4560,639,2628,
23/04/2020,2909,3823,2173,3920,946,257,,2387,1871,664,,1319,1619,461,391,261,58,815,1004,3639,1390,1684,1882,,,840,2717,1340,1271,1155,426,27,498,596,,,2176,280,936,420,943,1100,594,,,,,,,455,4482,666,2553,
24/04/2020,2571,3962,2152,4094,733,255,,2424,1539,628,,1213,1625,418,338,220,71,885,1144,3269,1437,1440,1722,,,876,2513,1322,1263,1147,339,26,409,572,,,655,276,912,404,992,1014,646,,,,,,,443,4692,597,2603,
25/04/2020,3282,5281,2549,5695,1043,383,,4549,1943,1196,,1497,2289,430,399,300,121,969,1442,4905,2400,1852,2811,,,1160,3448,2610,1306,1537,655,37,493,782,,,1569,326,1158,654,1371,1425,862,,,,,,,530,6106,710,3478,
26/04/2020,3023,5779,2391,6063,1048,506,,4611,1848,1043,,1679,2433,519,394,256,97,898,1560,4410,2507,1622,3203,,,1243,3119,2726,1508,1652,538,31,491,977,,,1974,517,1172,647,1374,1466,818,,,,,,,472,6598,637,3635,
27/04/2020,2923,3266,2220,3484,860,239,,2351,1836,584,,1244,1261,433,349,272,50,715,757,3514,1212,1665,1711,,,604,2970,1267,1228,977,468,16,400,539,,,1144,247,832,443,802,1094,560,,,,,,,442,3598,629,2065,
28/04/2020,2767,3668,2200,3736,771,217,,2030,1900,469,,1193,1461,454,310,237,61,827,943,3383,1206,1650,1612,,,854,2637,1132,1199,1089,345,33,466,605,,,137,288,897,400,864,1099,515,,,,,,,421,4320,657,2420,
29/04/2020,2873,3992,2452,4211,846,281,,2454,1976,535,,1258,1644,471,425,250,50,845,1040,3815,1585,1859,1924,,,923,2765,1315,1292,1163,449,32,514,656,,,422,291,930,492,1021,1231,662,,,,,,,481,4687,669,2694,
30/04/2020,2831,3708,2397,3870,772,234,,2133,1849,471,,1265,1483,467,364,276,44,844,985,3467,1282,1594,1651,,,955,2684,1250,1272,1072,342,31,452,581,,,367,253,887,519,858,1208,552,,,,,,,486,4328,686,2381,
1/05/2020,2582,3392,2070,3603,763,202,,2308,1631,507,,1241,1528,461,322,197,58,837,883,3404,1364,1447,1439,,,838,2256,1205,1088,961,481,26,408,563,,,1081,271,952,415,980,1244,618,,,,,,,427,3948,552,2226,
2/05/2020,2781,4189,2654,4333,812,256,,3366,1808,660,,1473,1901,412,301,202,53,890,1195,4935,1790,1632,1841,,,971,2498,1716,1171,1256,551,25,417,612,,,252,298,914,685,1060,1785,648,,,,,,,431,4986,629,2737,
3/05/2020,3037,4497,2699,4776,913,326,,4281,1966,874,,1635,2031,387,307,247,68,849,1099,5536,2317,1707,2266,,,872,3146,2187,1352,1308,595,44,410,720,,,291,403,908,679,1256,1841,826,,,,,,,489,5407,646,3242,
4/05/2020,3400,5134,3001,5494,1016,363,,5096,2104,1144,,1832,2290,512,409,289,60,906,1388,6131,2600,1800,2850,,,1087,3546,2623,1444,1575,643,42,585,774,,,347,421,1069,800,1341,2144,882,,,,,,,554,5937,703,3256,
5/05/2020,2853,2976,2497,3127,792,210,,2038,1937,439,,1314,1262,431,294,216,70,642,751,3409,1097,1623,1239,,,665,2566,1029,1075,946,425,38,450,552,,,398,261,799,438,736,1224,548,,,,,,,393,3510,610,2012,
6/05/2020,2782,3429,2623,3590,804,208,,2207,1992,543,,1229,1412,387,326,235,63,713,898,3646,1262,1612,1418,,,688,2452,1065,1137,1018,387,34,478,584,,,137,295,946,514,876,1271,549,,,,,,,423,3996,609,2292,
7/05/2020,2672,3467,2637,3652,799,225,,1972,1796,479,,1223,1406,425,360,196,43,697,891,3373,1194,1526,1478,,,815,2354,1060,1143,1044,279,19,420,616,,,137,280,824,471,867,1215,554,,,,,,,415,4127,580,2343,
8/05/2020,2587,3974,2611,4071,771,218,,2525,1660,601,,1117,1617,466,343,191,48,728,1093,3787,1407,1439,1584,,,851,2433,1276,1157,1083,339,32,412,566,,,260,293,977,490,1048,1250,633,,,,,,,417,4742,596,2598,
9/05/2020,2926,5105,2900,5385,825,300,,4291,1705,846,,1356,2266,457,340,182,68,836,1484,4949,2389,1586,2392,,,1145,2649,2220,1266,1542,383,27,422,703,,,494,454,1062,664,1263,1675,833,,,,,,,440,6125,618,3459,
10/05/2020,2736,3963,2726,4189,843,316,,3814,1535,714,,1555,1799,400,294,179,63,787,997,4771,2007,1361,2112,,,693,2839,2054,1133,1211,410,41,315,579,,,136,424,1002,697,1119,1600,638,,,,,,,456,4650,621,2581,
11/05/2020,3025,3110,2668,3357,835,201,,2255,2057,552,,1255,1322,414,321,235,61,694,762,3665,1236,1622,1470,,,656,2585,1062,1136,1028,558,37,519,588,,,405,227,861,469,780,1460,563,,,,,,,451,3435,622,1940,
12/05/2020,3073,3784,2835,4022,805,250,,2257,2003,459,,1372,1606,454,399,237,56,772,980,3766,1253,1655,1513,,,847,2568,1153,1148,1125,393,25,520,622,,,250,344,922,510,857,1414,568,,,,,,,477,4428,622,2519,
13/05/2020,2854,3876,2837,4129,828,219,,2315,1961,540,,1340,1563,398,374,223,62,797,976,3904,1353,1713,1610,,,656,2925,1187,1200,1101,377,23,397,632,,,486,306,900,488,973,1321,634,,,,,,,446,4673,620,2641,
14/05/2020,2535,3461,2420,3599,712,183,,2039,1673,434,,1155,1450,421,385,198,60,663,917,3278,1182,1546,1486,,,871,2092,1065,1077,1103,318,31,411,645,,,400,253,935,437,907,1114,578,,,,,,,419,4029,576,2250,
15/05/2020,2571,3900,2627,4142,767,212,,2521,1840,528,,1200,1754,485,412,190,38,821,1140,3701,1481,1430,1580,,,898,2159,1185,1069,1116,418,29,402,591,,,175,230,981,536,1050,1331,653,,,,,,,465,4760,636,2643,
16/05/2020,2558,4718,2734,5040,789,275,,3699,1489,636,,1320,2143,371,340,178,78,858,1322,4634,2041,1484,2200,,,1043,2465,1991,1079,1428,388,34,389,761,,,361,423,1034,674,1144,1637,699,,,,,,,450,6007,624,3562,
17/05/2020,3040,4735,3105,5026,1005,359,,4168,1669,962,,1549,2043,483,387,211,58,873,1339,5119,2396,1454,2293,,,1071,2950,2297,1368,1485,478,35,410,763,,,194,509,1070,655,1252,1770,801,,,,,,,491,5683,671,3278,
18/05/2020,2705,2390,2588,2586,731,197,,1767,1737,355,,1126,984,389,344,193,33,505,473,3171,988,1462,1156,,,433,2433,766,964,745,327,24,380,486,,,102,180,773,479,692,1144,506,,,,,,,436,2553,624,1491,
19/05/2020,2625,3855,2775,3986,774,227,,2216,1772,464,,1254,1590,455,380,221,37,803,986,3536,1341,1622,1436,,,733,2475,1064,1130,1161,413,30,434,598,,,130,286,917,527,889,1256,603,,,,,,,450,4539,620,2581,
20/05/2020,2214,3233,2356,3433,626,154,,1968,1607,375,,1179,1293,413,317,149,47,706,890,3010,1040,1346,1117,,,747,2073,862,949,874,225,15,355,602,,,114,253,868,485,835,1217,504,,,,,,,369,3832,530,2200,
21/05/2020,1813,2423,1866,2639,467,138,,1230,1098,223,,970,1027,301,261,140,14,498,649,2040,729,950,828,,,626,1272,660,650,691,150,20,309,412,,,85,195,687,343,635,776,410,,,,,,,309,2917,445,1711,
22/05/2020,2178,3269,2177,3424,637,163,,1822,1496,363,,1126,1409,361,314,155,40,695,895,3025,1120,1212,1156,,,811,1666,876,951,903,375,21,349,556,,,110,239,892,404,864,1175,510,,,,,,,357,3911,486,2143,
23/05/2020,2120,3225,2336,3485,793,158,,550,1320,503,,1076,1488,320,235,170,29,662,1108,3625,1289,1265,1326,,,858,1653,1176,915,981,295,11,249,463,,,157,310,789,495,867,1292,467,,,,,,,356,4072,448,2313,
24/05/2020,2852,4051,3082,4408,874,312,,3217,1677,747,,1545,1868,399,268,188,58,761,1067,4942,2044,1481,1952,,,910,2554,1940,1332,1301,469,36,289,388,,,209,415,881,642,1142,1743,616,590,766,,,,,442,4980,629,2854,
25/05/2020,2814,3000,2835,3247,720,183,,2050,1732,360,,1229,1163,386,372,168,49,662,605,3422,1095,1440,1204,512,207,626,2276,916,1634,577,494,21,124,323,,,176,234,812,522,727,1249,541,939,874,,,,,434,3427,650,2075,
26/05/2020,3045,3934,2786,4166,789,182,,2207,1903,398,,1315,1612,425,408,197,52,859,988,3748,1318,1564,1388,369,315,976,2361,1165,1729,497,561,27,126,334,,,153,267,965,554,893,1307,623,998,915,,,,,479,4752,692,2798,
27/05/2020,2637,3673,2584,3922,707,174,,2138,1730,337,,1226,1450,423,412,173,29,850,984,3605,1340,1395,1361,560,254,857,2278,1006,1041,997,431,16,90,352,,,179,282,998,525,908,1329,581,927,970,,,,,410,4482,610,2655,
28/05/2020,2745,3635,2591,3852,662,170,,2028,1601,346,,1287,1462,436,391,174,30,838,908,3339,1234,1361,1291,356,263,870,2125,1057,1019,969,316,20,57,333,,,161,238,939,501,840,1174,561,831,922,,,,,407,4451,640,2612,
29/05/2020,2259,3758,2260,4001,647,182,,2112,1465,384,,1111,1556,399,400,124,36,821,1057,3225,1258,1241,1366,204,275,864,1908,1011,869,706,355,30,71,314,,,169,283,996,470,926,1158,584,887,943,1521,1421,,,382,4568,542,2468,
30/05/2020,2695,4507,2725,4942,786,282,,2128,1636,699,,1445,2141,352,321,204,63,822,1300,5021,2078,1466,1979,72,428,1032,2673,1811,1115,1367,333,40,63,347,,,284,426,873,656,1161,1606,700,604,869,3839,3968,,,433,5469,658,3070,
31/05/2020,2794,4268,2866,4621,873,296,,585,1556,706,,1517,1957,369,319,167,67,709,1156,4697,2056,1398,2049,22,428,984,2647,2120,1274,1403,328,50,55,386,,,211,461,938,563,1109,1615,665,582,914,3750,3958,,,422,5295,682,3000,
1/06/2020,2708,3031,2834,3285,673,176,,2051,1637,379,,1206,1228,469,382,163,26,679,651,3217,1048,1424,1373,0,272,613,2276,969,1051,907,408,29,90,311,,,122,267,861,525,779,1237,535,907,862,2760,2869,,,445,3461,620,2081,
2/06/2020,2576,3547,2374,3816,684,169,,1972,1716,336,,1196,1554,575,395,172,43,777,854,3229,1299,1295,1126,24,263,688,1836,1002,984,973,536,21,135,312,,,167,309,854,457,875,1250,546,1028,939,3333,3366,,,407,4414,608,2654,
3/06/2020,2542,3491,2540,3810,727,177,,2073,1662,380,,1208,1404,622,447,51,0,829,809,3272,1201,1302,1359,35,266,794,2108,931,1055,923,552,29,132,344,,,184,320,935,482,829,1214,541,1214,1028,3023,3252,,,391,4254,549,2613,
4/06/2020,2311,3312,2516,3649,649,154,,1838,1539,310,,1128,1382,541,438,0,0,796,843,2888,1025,1245,1189,84,275,745,1696,844,948,892,398,32,86,336,,,169,272,925,439,883,1117,476,891,848,2285,3131,,,375,4138,564,2459,
5/06/2020,2211,3582,2289,4003,536,152,,1890,1378,351,,1135,1609,435,351,6,0,945,962,3030,1188,1216,1349,21,310,762,1656,1037,946,980,421,24,97,305,,,144,276,922,468,923,1090,560,1081,880,2199,3223,,,505,4470,674,2493,
6/06/2020,2565,4297,2825,4798,680,234,,3057,1466,616,,1266,2036,384,305,200,72,824,1114,4154,1710,1302,1788,36,401,834,2329,1636,1256,1208,352,33,95,360,,,325,456,937,599,931,1356,613,577,818,4060,3668,,,428,5319,531,3104,
7/06/2020,2628,4167,2700,4502,714,237,,2519,1399,640,,1406,1817,395,307,163,55,809,1091,4674,1920,1411,2048,67,495,961,2388,2011,1195,1228,307,24,58,369,,,277,461,887,631,945,1528,593,524,858,3741,3750,,,378,5171,580,3066,
8/06/2020,2500,2924,2430,3246,667,196,,1839,1564,371,,1156,1205,505,327,182,25,711,630,2934,964,1268,1110,313,263,570,1997,839,937,866,453,13,106,306,,,276,190,840,441,791,1069,485,1155,832,2397,2763,,,0,3499,590,2120,
9/06/2020,2338,3610,2376,3954,605,169,,1911,1445,315,,1241,1540,395,410,149,33,782,951,2693,1046,1247,1124,200,261,812,1745,968,1042,1043,339,38,77,324,,,197,285,916,445,821,1012,548,947,1006,1761,3279,,,0,4438,599,2631,
10/06/2020,1741,1505,1764,1734,486,89,,967,1032,120,,1017,700,328,222,103,8,360,204,1972,519,1024,622,280,150,273,1425,488,714,448,215,14,37,176,,,115,112,572,358,495,754,345,567,519,1546,1629,,,0,1673,441,1046,
11/06/2020,2533,3270,2636,3558,630,155,,1992,1631,336,,1252,1386,491,380,135,27,782,819,2904,1118,1205,1129,324,246,811,1806,914,1054,1024,307,19,57,298,,,118,204,894,480,821,1033,518,937,846,2090,3117,,,0,3976,633,2350,
12/06/2020,2123,3812,2226,4019,528,185,,2129,1396,328,,1110,1747,384,354,142,30,816,1042,2903,1291,1131,1300,23,258,864,1584,966,945,1083,357,35,74,297,,,428,235,1033,507,964,985,564,676,852,2617,3404,,,0,4738,490,2561,
13/06/2020,2299,3999,2354,4236,736,274,,2818,1443,607,,1186,1845,321,269,15,0,848,1121,3604,1596,1291,1660,0,368,991,2098,1496,1053,1241,219,18,46,321,,,188,413,819,592,925,1126,526,496,811,2718,3326,,,0,5013,540,2832,
14/06/2020,1729,1391,1905,1510,377,105,,929,919,253,,783,663,191,122,0,0,342,381,2109,570,762,781,0,167,270,1399,609,706,436,90,11,10,134,,,84,188,295,353,467,803,251,251,268,1197,1207,,,0,1739,443,990,
15/06/2020,2622,3037,2674,3336,669,181,,2051,1733,330,,1321,1229,376,370,0,0,637,556,2945,1058,1356,1125,1,240,578,2084,844,1031,941,397,29,67,325,,,276,208,0,500,841,1022,489,1004,883,2393,3045,,,0,3423,618,2099,
16/06/2020,2565,3915,2623,4126,634,150,,2159,1580,332,,1331,1613,407,392,0,0,813,934,2721,1178,1344,1185,6,232,814,1972,965,1106,1032,373,37,85,363,,,413,277,0,470,893,1105,540,955,1039,2226,3533,,,0,4804,613,2947,
17/06/2020,2374,3663,2459,3927,623,189,,2216,1595,377,,1324,1471,411,415,0,0,856,775,3045,1169,1197,1182,9,244,769,1885,829,991,1032,454,33,90,329,,,394,281,0,532,954,1067,567,831,999,2732,3418,,,0,4536,561,2749,
18/06/2020,1741,2832,1941,3125,477,142,,1621,1106,263,,1100,1249,310,345,0,0,669,609,2023,882,932,866,0,164,662,1281,679,746,776,256,28,60,256,,,95,191,0,385,829,729,406,782,835,1605,2742,,,0,3485,462,2157,
19/06/2020,1881,3036,2089,3358,538,129,,1729,1179,247,,1191,1391,343,328,0,0,813,785,2628,1020,983,1012,0,220,760,1261,702,919,892,280,26,61,259,,,82,237,0,391,872,947,447,1160,798,2488,3029,,,0,3700,455,2151,
20/06/2020,1291,1607,1459,1664,486,87,,926,845,172,,677,732,245,155,0,0,436,468,1908,452,923,677,0,199,464,1202,585,552,454,74,7,22,162,,,103,184,0,342,474,769,269,273,427,1561,1243,,,0,2164,331,1265,
21/06/2020,2628,3728,2860,3920,727,269,,3117,1580,587,,1394,1679,363,289,0,0,836,974,4384,1809,1375,2022,515,18,746,2439,1762,1175,1179,367,28,350,414,,,178,393,0,630,989,1498,623,457,701,4677,3203,,,0,4512,564,2439,
22/06/2020,2443,2740,2447,2960,669,145,,1884,1575,295,,1210,1104,381,364,0,0,583,539,2845,981,1224,967,0,0,495,1749,747,958,781,397,18,379,560,,,148,236,0,472,760,987,492,623,811,3766,2767,,,0,3257,559,2043,
23/06/2020,2143,3216,2256,3625,621,134,,1841,1382,262,,1259,1393,366,353,0,0,735,700,2596,963,1116,1023,0,0,647,1541,797,907,930,368,17,381,602,,,141,241,0,455,838,977,519,753,929,3687,3181,,,0,4012,519,2512,
24/06/2020,2229,3065,2266,3438,603,162,,1841,1377,314,,1248,1355,381,358,0,0,591,722,2824,1038,1003,936,2,0,686,1450,802,925,882,382,22,411,548,,,127,260,0,474,842,1099,503,654,862,3869,3126,,,0,3683,523,2302,
25/06/2020,2249,3069,2244,3403,659,167,,1780,1354,286,,1248,1319,379,365,0,0,673,647,2531,995,1125,923,20,0,750,1522,776,894,880,341,35,375,597,,,223,235,0,440,743,1093,499,536,885,3650,3093,,,0,3735,538,2249,
26/06/2020,1929,3124,2132,3609,543,153,,1717,1167,306,,1089,1528,311,308,0,0,650,883,2401,1077,912,1119,0,0,711,1480,814,918,882,272,21,334,531,,,268,247,0,453,868,960,496,478,798,3918,3142,,,158,3951,504,2232,
27/06/2020,2151,3404,2271,3777,617,207,,2589,1388,551,,1107,1638,316,258,0,0,675,981,3339,1331,1213,1458,0,0,769,1831,1356,978,1031,301,21,289,451,,,281,285,0,541,906,1287,475,463,680,4686,3152,,,378,4310,475,2457,
28/06/2020,1574,1297,1662,1356,410,87,,805,827,122,,801,560,194,115,0,0,334,357,2141,514,784,532,,,286,1160,511,698,390,117,5,163,223,,,77,152,0,340,427,861,239,233,320,3058,1212,,,259,1620,336,906,
29/06/2020,2438,3068,2472,3265,647,152,,1999,1510,395,,1134,1238,395,364,0,0,536,552,2929,1119,1215,1083,,,460,1897,936,1019,856,370,18,427,589,,,155,283,0,491,862,1084,488,609,876,4140,3110,,,379,3505,539,2148,
30/06/2020,2275,3586,2518,3780,640,176,,2162,1352,396,,1285,1407,383,366,266,28,645,768,2841,1203,1104,1099,,,641,1785,884,1035,980,298,15,428,656,,,148,292,521,510,916,1034,541,705,970,4377,3537,,,414,4425,526,2664,
1/07/2020,2093,3351,2306,3672,647,190,2790,2051,1380,448,,1232,1460,390,359,161,42,608,712,2900,1124,1038,1194,,,640,1720,834,1003,970,284,15,418,546,,,171,235,943,457,894,1103,533,579,875,4768,3389,,,397,4204,521,2596,
2/07/2020,2176,3219,2340,3573,563,193,2757,2066,1331,309,,1321,1371,369,333,131,37,598,680,2831,1118,1069,1074,,,617,1546,872,927,911,277,15,383,588,,,253,238,944,497,853,994,521,567,905,4748,3279,,,362,3992,512,2433,
3/07/2020,1780,3188,2033,3522,470,151,2696,1982,1134,338,,1146,1472,315,327,123,36,619,787,2660,1109,877,1056,,,618,1516,887,862,838,270,22,331,466,,,283,205,873,493,859,1007,506,464,756,4854,3135,,,320,3944,451,2255,
4/07/2020,2026,2998,1977,3249,602,143,3396,2267,1270,440,,941,1453,319,198,133,15,596,910,3454,1395,1088,1092,,,639,1550,1015,820,876,329,17,295,435,,,419,325,0,501,888,1192,407,414,594,5597,2922,,,308,3748,448,2120,
5/07/2020,2309,3180,2356,3398,616,194,4086,2660,1180,515,,1037,1347,256,210,159,50,619,704,3819,1555,1016,1387,,,523,2231,1564,1220,920,402,27,311,527,,,443,324,0,591,879,1369,538,438,634,5816,3220,,,349,3895,501,2234,
6/07/2020,2240,2487,2336,2791,573,151,2437,1795,1342,354,,1108,1062,342,322,154,27,473,428,2605,961,1029,953,,,376,1664,733,799,695,393,32,393,506,,,329,216,0,468,739,912,447,491,770,4300,2599,,,377,2952,531,1911,
7/07/2020,2211,3371,2374,3742,640,182,2742,1949,1414,380,,1282,1428,413,401,124,33,648,693,2790,1138,1072,1064,,,623,1677,865,973,887,404,33,461,658,,,347,251,0,477,883,948,546,565,944,4475,3259,,,87,1854,182,1377,
8/07/2020,2169,3164,2299,3605,579,164,2662,2026,1259,343,,1214,1356,350,407,127,39,585,685,2642,1116,1015,961,,,577,1597,781,935,836,323,43,415,627,,,147,225,0,492,884,933,543,585,861,4594,3286,,,,,,,
9/07/2020,1049,1053,1386,1360,329,62,1293,777,699,102,,950,537,193,181,64,11,216,135,1191,387,603,277,,,149,837,298,425,308,110,8,192,268,,,60,86,0,286,472,573,284,242,425,2397,1353,,,138,792,267,,
10/07/2020,1716,2787,2048,2993,584,140,2530,1670,1056,247,,1086,1265,318,296,125,32,619,637,2491,1042,800,1020,,,533,1420,684,801,756,220,17,330,451,,,112,209,0,444,816,1024,446,443,639,4298,2643,,,349,3390,820,,
11/07/2020,1958,3046,2295,3244,619,169,3174,2308,1399,482,,1006,1368,317,203,137,49,626,738,3006,1213,1099,1245,,,583,1796,1093,881,883,261,21,284,566,,,121,272,0,527,862,1089,442,412,588,5105,2851,,,334,3809,486,2139,
12/07/2020,1717,2873,1879,2977,546,192,2902,2122,994,420,,1005,1161,266,176,123,29,559,760,2796,1296,977,1272,,,616,1580,1242,876,842,242,28,297,447,,,165,384,0,450,772,978,421,449,580,4440,2739,,,295,3493,444,1976,
13/07/2020,2165,2303,2151,2581,614,142,2202,1392,1283,249,,1237,1016,335,369,168,17,448,348,2363,871,988,757,,,411,1586,519,814,613,373,29,333,464,,,89,154,0,422,693,902,449,763,820,3790,2534,,,381,2633,522,1712,
14/07/2020,1713,2890,1732,3168,483,125,2246,1454,1061,239,,1202,1165,313,380,105,33,631,550,2111,811,776,608,,,592,937,515,748,759,394,24,339,511,,,135,161,0,255,487,1053,778,637,878,3657,2924,,,327,3473,477,2244,
15/07/2020,2024,3036,2262,3465,602,138,2509,1840,1201,283,,1290,1325,374,452,122,41,576,652,2419,1043,995,943,,,553,1494,688,845,714,497,28,423,559,,,133,228,0,235,415,1208,898,715,953,4052,3193,,,433,3592,526,2334,
16/07/2020,2038,3108,2095,3483,554,129,2430,1711,1295,252,,1261,1337,367,399,133,37,649,693,2249,955,910,861,,,671,1301,652,895,778,470,34,413,557,,,166,203,0,230,413,1176,834,1002,876,3931,3227,,,402,3649,562,2243,
17/07/2020,1738,3085,1951,3540,549,149,2276,1655,1017,239,,1174,1477,298,366,105,35,735,856,2452,1026,866,935,,,698,1275,671,854,755,359,33,324,503,,,122,234,0,640,983,610,323,723,824,4250,3199,,,343,3543,439,2018,
18/07/2020,1908,3073,1994,3392,630,190,3351,2005,1243,405,,1022,1592,428,210,166,46,665,833,3173,1218,1084,1260,,,587,1799,1130,943,866,393,19,288,410,,,213,346,0,509,783,1109,478,644,569,5350,2664,,,406,3576,521,2135,
19/07/2020,2342,3318,2394,3569,635,248,3783,2682,1370,695,,1236,1462,313,254,183,42,256,849,3624,1504,1039,1578,,,668,2266,1797,1133,1074,362,27,285,562,3168,1196,354,429,0,531,981,1222,486,441,731,6049,3116,,,463,3803,555,2249,
20/07/2020,2149,2868,2196,3299,537,152,2557,1856,1234,290,,1293,1110,347,414,102,28,0,549,2518,916,936,967,,,476,1494,675,933,766,471,28,351,553,1987,667,179,167,0,1092,1249,97,31,606,917,163,169,,,402,3221,514,2102,
21/07/2020,1950,3659,2077,4023,485,127,2515,2070,1300,225,,1335,1512,363,462,109,15,0,765,2438,1002,975,919,,,659,1387,751,878,915,421,33,420,641,1848,661,713,253,0,750,1087,505,271,881,1041,4483,3565,,,442,4283,519,2799,
22/07/2020,1796,3308,1959,3767,562,137,2318,1730,987,260,,1258,1311,308,468,104,36,0,783,2133,953,853,756,,,681,1282,611,883,795,314,16,387,519,1680,585,117,222,0,473,944,801,457,826,965,4193,3423,,,378,3779,503,2378,
23/07/2020,1059,2001,1387,2302,348,98,1668,1019,690,141,,1037,883,247,344,80,11,0,495,1288,580,587,469,,,477,722,355,502,446,138,9,232,397,1052,379,78,136,0,305,672,578,357,792,677,3107,2247,,,256,2334,329,1462,
24/07/2020,874,945,1101,1109,302,52,1171,560,526,97,,967,428,201,183,54,8,0,134,1067,277,492,291,,,143,631,224,456,257,125,5,153,177,716,182,55,76,0,304,446,458,257,263,338,2806,1100,,,195,1090,235,685,
25/07/2020,739,597,915,597,247,43,1141,293,500,66,,513,335,186,70,44,3,0,165,973,154,436,254,,,153,515,165,341,178,40,7,91,104,776,118,58,59,0,220,219,485,126,197,151,2067,608,,,123,677,177,382,
26/07/2020,1795,1523,2093,1569,649,161,2635,1141,1029,334,,1029,792,268,140,132,25,0,327,2327,665,955,722,,,260,1477,542,898,509,240,14,229,247,1872,462,68,147,0,385,459,907,249,339,283,3995,1349,,,300,1608,444,876,
27/07/2020,1971,2676,2219,2995,515,110,2297,1616,1116,217,,1301,1082,389,362,117,20,0,448,2235,867,921,722,,,474,1187,532,867,722,356,27,317,513,1717,522,109,175,0,524,792,952,446,896,878,4329,2911,,,367,3072,507,2013,
28/07/2020,2190,3789,2408,4077,597,135,2667,2168,1290,255,,1470,1478,409,454,127,36,0,701,2675,1140,1177,974,,,681,1413,823,951,1031,510,39,415,682,2030,686,152,239,0,581,941,950,541,890,1071,5106,3766,,,478,4615,541,2884,
29/07/2020,2164,3725,2301,4097,537,161,2734,2211,1114,265,,1417,1443,373,497,148,31,0,759,2511,1179,951,966,,,652,1507,790,966,877,460,30,428,630,1858,724,203,279,0,531,989,970,479,879,1096,5062,3718,,,456,4418,456,2844,
30/07/2020,2028,3411,2117,3732,506,137,2406,2099,1195,236,,1474,1429,409,458,140,29,0,717,2342,1099,999,942,,,649,1294,712,883,922,403,34,364,558,1786,647,228,222,0,516,935,894,519,973,1045,4628,3548,,,404,4053,511,2546,
31/07/2020,1712,3236,1925,3569,449,138,2195,1839,1026,253,,1326,1437,313,377,107,17,0,842,2411,965,853,945,,,667,1201,671,1028,811,329,22,323,501,1685,662,197,191,0,508,949,869,503,648,827,4352,3166,,,335,3783,428,2317,
1/08/2020,2009,2914,2228,3096,649,146,3146,1993,1209,475,,1046,1382,490,205,162,29,0,886,2732,1111,1021,1289,,,618,1647,1077,969,929,377,28,303,405,2362,882,177,339,0,556,841,1179,458,427,487,4296,2508,,,354,3425,520,1979,
2/08/2020,2365,3399,2552,3582,675,221,3566,2772,1247,592,,1285,1511,356,251,170,31,343,209,3434,1568,1144,1651,,,745,2275,1512,1179,1056,383,16,315,534,3230,1274,312,441,0,632,924,1368,562,468,742,5248,3111,,,457,3975,514,2275,
3/08/2020,2189,2872,2174,3246,530,143,2384,1861,1219,258,,1537,1189,342,404,115,15,615,516,2220,948,965,879,,,654,1440,659,984,859,369,19,322,542,1675,569,177,197,0,520,798,873,436,851,977,4008,3024,,,394,3300,486,2061,
4/08/2020,2260,3737,2230,4089,551,156,2606,2098,1332,265,,1727,1504,446,491,157,30,653,765,2395,1172,1126,994,,,741,1512,810,1056,1158,395,30,476,673,1958,637,124,245,,548,994,1005,538,781,1101,4477,3643,,,468,4463,617,2830,
5/08/2020,2154,3620,2257,4026,497,138,2632,2113,1179,280,,1742,1462,372,451,140,37,640,725,2479,1180,1019,963,,,763,1467,836,1134,973,453,34,435,674,1900,751,161,305,,609,985,826,536,932,1106,4704,3679,,,473,4455,557,2807,
6/08/2020,2126,3487,2128,3848,499,124,2537,2052,1159,268,,1632,1391,374,407,136,21,762,740,2418,1015,1053,953,,,780,1496,808,1005,1073,446,38,380,586,2000,678,458,139,,515,963,894,546,891,1004,4781,3539,,,376,4170,507,2500,
7/08/2020,1029,2160,1243,2514,310,87,1488,1081,597,144,,1272,1047,237,283,63,14,453,623,1504,582,595,609,,,599,818,374,671,621,107,11,218,308,995,389,283,87,,368,601,557,323,421,582,3151,2188,,,239,2556,322,1519,
8/08/2020,2003,2552,2152,2770,612,168,3126,1858,1315,376,,1190,1206,442,174,120,24,536,625,2803,1172,1121,1024,,,555,1808,828,1049,866,330,16,264,371,2335,784,265,133,,464,551,918,351,514,456,4645,2537,444,445,395,3023,458,1697,
9/08/2020,2174,3284,2209,3464,632,189,3566,2460,1137,522,,1243,1457,374,224,142,41,645,774,3534,1487,1068,1373,,,790,2052,1397,1232,1111,408,29,298,500,3162,1233,262,240,,502,873,1258,468,458,647,5218,3205,515,513,387,3756,501,2233,
10/08/2020,1907,2463,1780,2877,465,109,2194,1577,1000,203,,1799,1008,320,419,130,21,519,456,2123,803,838,642,,,504,1021,482,914,757,395,20,334,487,1588,454,428,107,,462,811,897,440,956,916,4090,2795,669,717,363,3088,479,1970,
11/08/2020,2074,3702,2396,4022,615,154,2537,2103,1322,264,,2037,1482,378,497,134,28,659,710,2373,1054,1103,894,,,836,1577,786,1058,1150,445,33,370,674,1865,588,531,237,,533,906,868,491,887,1083,4535,3571,747,943,391,4275,587,2722,
12/08/2020,2087,3629,2232,3964,544,153,2456,1953,1114,300,,2001,1467,446,478,136,23,619,760,2240,1078,923,928,,,797,1439,735,1105,1080,395,30,413,647,1665,613,182,250,,531,952,847,547,797,1124,4511,3667,813,859,401,4328,573,2699,
13/08/2020,1817,3264,1974,3532,440,125,2268,1890,1102,260,,1740,1317,399,381,108,17,649,712,2117,1022,977,829,,,752,1397,774,975,1011,307,21,341,547,1738,614,213,144,,473,857,778,499,964,909,4662,3261,714,777,332,3633,484,2280,
14/08/2020,1954,3307,1913,3479,605,186,2995,2599,1123,502,,1177,1409,356,245,138,38,703,778,2944,1389,911,1299,,,712,1941,1247,1089,1036,225,31,282,455,2496,1191,333,268,,540,856,1031,484,386,673,5036,3194,560,653,362,3750,490,2211,
15/08/2020,1052,850,1092,936,388,74,1972,817,745,150,,772,558,208,94,72,11,196,178,1514,519,580,407,,,139,1133,340,568,258,221,12,160,155,1215,337,207,44,,435,302,434,148,329,181,3219,1101,196,239,178,1018,313,618,
16/08/2020,2255,3681,2237,3874,636,205,3778,2890,1165,572,,1313,1576,423,291,141,46,617,842,3866,1567,1165,1436,,,810,2067,1327,1238,1091,340,12,353,544,3495,1312,176,390,,638,870,1206,524,499,743,5937,3268,491,640,511,4319,536,2484,
17/08/2020,2113,2904,2097,3290,589,153,2430,1818,1140,301,,1816,1133,419,451,111,23,547,502,2298,1055,1066,778,,,573,1505,669,986,900,464,27,385,552,2028,659,131,214,,487,879,875,479,661,977,4423,3151,703,774,380,3348,538,2186,
18/08/2020,2140,3899,2239,4256,563,155,2570,2196,1182,273,,1932,1518,383,516,121,27,694,762,2526,1152,1139,928,,,751,1490,793,1138,1109,444,32,457,683,2017,683,151,248,568,511,897,876,559,820,1172,4874,3814,827,926,424,4569,549,3086,
19/08/2020,2147,3628,2271,4090,544,130,2367,2044,1160,269,,2028,1453,383,462,108,26,646,723,2400,1143,1033,851,,,744,1532,694,1049,1115,474,34,432,618,1997,598,129,238,1086,525,926,836,539,1004,1053,4791,3790,773,873,450,4176,524,2674,
20/08/2020,1843,3169,1813,3551,519,127,2337,1931,1048,209,,1781,1306,387,469,98,19,639,698,2134,1015,954,680,,,792,1016,607,922,1029,466,25,409,566,1845,595,88,210,1041,454,850,857,511,1093,966,4568,3450,766,825,443,3717,479,2287,
21/08/2020,1685,3288,1666,3811,427,119,2289,1799,1013,297,,1692,1512,301,393,95,28,713,849,2123,1060,805,793,,,739,1127,565,1033,960,416,20,328,480,1777,625,108,186,1065,517,894,847,470,714,787,4462,3329,749,724,345,4007,391,2277,
22/08/2020,1723,2179,1495,2409,511,116,3121,1605,1034,290,,959,1233,338,148,104,16,472,672,2541,870,781,632,,,601,1120,595,920,660,329,16,202,284,1832,649,95,178,583,441,658,846,360,366,379,3973,1982,425,387,306,2566,423,1551,
23/08/2020,2017,2695,1987,2934,608,192,3304,2054,1187,455,,1275,1238,338,177,127,26,531,712,3152,1262,961,993,,,779,1715,895,1165,865,388,32,271,379,2919,966,116,262,622,492,808,1174,382,463,458,4926,2579,497,440,377,3208,427,1788,
24/08/2020,2045,2801,2049,3135,566,140,2302,1773,1153,260,,1734,1154,367,389,143,25,479,465,2331,888,1036,808,,,481,1515,575,1044,862,478,34,380,586,1955,551,110,221,951,459,820,862,417,948,937,4407,2992,683,707,398,3245,525,2138,
25/08/2020,2045,3659,2164,3932,517,134,2522,2105,1115,264,,1960,1475,405,462,116,38,658,702,2413,1058,1093,969,,,725,1589,769,1104,1162,526,27,459,652,1947,674,286,264,988,492,888,839,520,830,1096,4561,3488,695,861,423,4244,542,2516,
26/08/2020,1990,3333,2122,3710,493,127,2359,1932,1208,246,,1951,1377,370,414,106,30,641,669,2289,987,996,943,,,684,1347,644,1026,1039,424,26,418,631,1711,589,153,288,1100,451,889,760,453,992,1040,4462,3463,779,844,387,4081,509,2637,
27/08/2020,1859,3352,2074,3665,543,149,2243,2030,1078,290,,1848,1383,408,468,117,22,653,658,2168,1023,971,849,,,709,1344,735,959,995,476,25,384,575,1706,618,132,228,1025,471,915,680,475,754,982,4478,3458,739,790,377,3931,452,2480,
28/08/2020,1744,3226,1991,3654,440,147,2271,1996,1021,277,,1663,1537,341,353,95,28,744,799,2111,999,863,886,,,806,1443,719,1041,1026,376,22,308,523,1887,679,139,244,929,547,930,818,497,719,858,4738,3188,691,807,400,3796,461,2214,
29/08/2020,1827,2969,2011,3113,532,154,3012,2016,1301,359,,1225,1445,363,200,118,27,581,816,2964,1282,1051,1100,,,768,1820,1064,1020,947,438,22,323,436,2526,954,138,329,712,509,821,1002,427,460,532,4980,2681,482,536,317,3395,432,1996,
30/08/2020,2014,3160,2239,3330,640,216,3293,2438,1098,425,,1109,1469,289,182,108,22,618,841,3154,1283,1109,1371,,,747,1975,1232,1074,1136,290,27,303,512,2668,1174,163,450,646,510,918,1132,487,559,640,5191,2898,569,560,340,3727,473,2013,
31/08/2020,2345,3152,2358,3348,521,160,2524,1923,1213,272,,1743,1160,325,441,141,22,524,500,2473,1042,1092,946,,,607,1722,723,1025,911,443,23,399,608,2007,605,249,170,988,494,887,792,502,789,973,4520,3384,719,792,383,3505,514,2231,
1/09/2020,2162,3912,2262,4255,542,154,2522,2192,1311,282,,1924,1536,424,495,142,22,641,752,2532,1124,1067,1015,,,823,1580,827,1159,1164,453,25,431,684,1855,731,455,156,81,503,917,786,517,871,1153,4949,3779,792,944,406,4807,535,2971,
2/09/2020,2200,3834,2085,4189,573,141,2495,2119,1322,270,,1859,1498,421,491,131,29,685,799,2368,1125,1120,983,,,824,1540,795,1124,1183,356,21,410,671,1742,672,632,122,0,494,948,757,541,981,1117,4644,3780,819,893,386,4490,554,2856,
3/09/2020,1996,3400,1968,3796,496,152,2364,1999,1220,282,,1803,1398,378,456,92,25,692,769,2250,1004,1035,861,,,759,1530,724,1081,1063,310,14,430,642,1686,637,322,160,0,497,891,814,465,652,1026,4604,3556,750,924,393,4344,471,2570,
4/09/2020,1764,3453,1768,3903,503,161,2533,2030,919,383,,1740,1601,341,446,119,29,711,850,2259,1144,821,952,,,808,1720,765,989,1083,290,25,402,596,1652,691,346,149,0,535,881,874,486,638,979,5306,3584,750,900,340,4102,480,2367,
5/09/2020,1854,3153,1927,3458,525,174,3309,2131,1139,411,,1039,1587,349,228,183,29,601,882,3231,1347,944,1148,,,741,1701,981,857,959,313,15,292,408,2631,991,464,177,0,468,834,1020,484,410,541,5835,2911,566,555,321,4041,425,2202,
6/09/2020,1638,2474,1746,2560,484,160,2469,1756,974,330,,991,1050,273,162,78,27,461,714,2413,1031,867,1037,,,701,1617,933,830,828,170,25,227,352,1956,849,329,154,0,443,636,864,333,327,499,4265,2238,461,434,330,3030,426,1612,
7/09/2020,2082,2920,2147,3122,538,129,2307,1728,1078,270,,1730,1104,344,425,113,14,481,494,2190,899,955,763,,,517,1472,551,914,878,309,27,351,491,1551,500,479,82,0,472,797,761,430,813,901,4337,3073,683,808,325,3429,508,2241,
8/09/2020,2166,4018,2230,4332,618,193,2549,2180,1304,249,,1831,1569,394,553,139,27,678,848,2612,1113,1177,1055,,,763,1696,780,1065,1269,361,28,422,725,1763,639,745,173,0,505,947,924,479,728,1175,4945,3886,804,1016,410,4968,522,3085,
9/09/2020,2276,3954,2263,4205,596,156,2601,2292,1262,317,,1934,1520,366,521,170,40,738,827,2474,1096,1133,1025,,,905,1850,818,1122,1210,452,20,437,699,1872,722,191,219,668,561,983,893,516,880,1203,4783,3784,862,932,412,4751,516,2994,
10/09/2020,1350,2848,1432,3212,407,110,1935,1499,826,198,,1720,1155,288,427,79,16,656,640,1559,788,775,688,,,775,868,582,745,833,169,24,277,508,1303,476,156,222,886,377,796,657,399,608,913,3647,2980,616,718,334,3463,355,2115,
11/09/2020,1628,2157,1855,2515,407,85,2143,1213,916,193,,1683,1043,308,305,91,13,445,350,2032,719,855,581,,,419,1221,445,880,660,296,21,277,341,1305,388,103,132,795,439,720,714,354,465,641,4335,2333,574,565,315,2547,394,1582,
12/09/2020,1983,3195,2294,3467,590,141,3131,2042,1172,369,,1176,1558,374,234,193,16,722,752,3046,1146,1004,1141,,,686,1678,1009,906,964,380,21,248,387,2491,905,204,275,705,517,775,1087,391,434,565,5612,2661,567,545,395,3974,430,2097,
13/09/2020,2201,3328,2324,3553,635,216,3419,2581,1213,544,,1341,1589,311,243,118,24,670,895,3372,1515,1043,1451,,,671,2040,1316,1203,1054,275,22,265,509,2836,1164,153,362,726,580,931,1098,518,412,761,5109,2720,566,700,354,4090,503,2213,
14/09/2020,2252,3293,2319,3592,514,153,2594,2071,1280,303,,1704,1275,371,484,152,21,635,538,2361,1078,1058,933,,,599,1611,776,1121,947,395,9,412,627,2002,641,193,142,963,540,900,764,475,736,1008,4718,3397,685,809,360,3770,586,2554,
15/09/2020,2212,4135,2181,4576,560,163,2649,2262,1215,264,,1833,1675,406,520,238,31,937,795,2609,1254,1123,1033,,,870,1609,818,1063,1226,401,38,478,736,1833,742,575,163,1122,498,1071,831,510,823,1155,4602,3873,831,919,418,5144,597,3347,
16/09/2020,2100,3936,2109,4348,568,137,2550,2157,1231,311,,1859,1600,383,526,144,21,874,822,2544,1242,1020,1001,,,808,1658,759,1145,1200,378,16,434,705,1706,581,326,143,1123,526,1020,733,541,954,1188,5275,3988,825,934,405,4545,494,2911,
17/09/2020,2044,3674,2136,4086,456,173,2456,2132,1133,306,,1731,1482,361,489,244,22,777,820,2543,1187,984,1063,,,909,1536,781,1037,1118,1180,32,401,645,1891,683,650,96,1067,461,966,731,489,691,1098,5135,3874,784,912,353,4373,510,2766,
18/09/2020,1590,3376,1636,3991,420,132,2280,1950,818,226,,1533,1606,319,449,247,20,766,973,2315,965,837,948,,,757,1336,640,986,1078,186,25,352,482,1546,695,227,92,1050,402,930,676,438,540,888,5056,3372,732,810,349,4140,457,2388,
19/09/2020,1744,3100,1843,3270,539,125,3049,2077,1106,303,,1100,1523,218,232,159,31,737,809,2977,1286,1075,1129,,,675,1738,1055,974,889,269,11,261,390,2428,954,621,117,665,482,703,889,413,421,528,5544,2788,534,545,344,4013,515,2267,
20/09/2020,2144,3249,2018,3416,634,209,3474,2649,918,389,,1212,1468,270,198,123,21,679,786,3387,1402,967,1293,,,728,2023,1286,1002,956,217,14,297,446,2705,1202,450,148,763,510,815,907,504,468,635,6206,2931,541,628,338,4006,495,2293,
21/09/2020,2248,3256,1965,3553,543,188,2507,2224,930,264,,1657,1327,303,441,169,31,530,545,2466,1086,934,821,,,551,1693,737,991,1005,201,16,426,602,1980,740,761,123,1021,426,895,702,468,515,1032,5050,3354,709,784,358,3714,479,2222,
22/09/2020,2250,3950,1877,4309,479,172,2530,2199,1018,216,,1810,1581,359,480,112,26,677,760,2510,1274,1003,971,,,780,1592,830,1135,1109,156,25,385,683,1797,719,491,76,1098,449,968,598,539,690,1099,5183,3867,799,892,391,4901,585,3105,
23/09/2020,2207,3797,1865,4044,450,122,2699,2185,1013,293,,1736,1495,352,477,108,34,592,784,2550,1243,921,905,,,760,1927,803,1151,1138,223,20,413,607,1821,741,293,75,1075,475,953,737,559,740,1065,5564,3864,743,898,374,4419,528,2728,
24/09/2020,2158,3631,1726,3983,428,125,2560,2042,908,230,,1586,1461,327,478,126,34,762,642,2383,1321,917,854,,,681,1458,786,1035,1081,300,15,391,617,2166,706,185,90,1097,372,961,660,589,607,1113,5388,3706,782,879,377,4399,496,2761,
25/09/2020,1675,3313,1556,3807,382,123,2479,2146,830,265,,1376,1552,239,358,142,33,631,886,2293,1265,834,810,,,723,1268,717,903,943,243,16,386,530,1771,759,1089,107,1058,399,871,662,510,895,864,5711,3519,763,814,348,3983,443,2338,
26/09/2020,1674,2302,1629,2563,414,78,3239,1920,866,233,,852,1156,274,159,83,13,603,586,3083,1054,864,683,,,568,1518,779,849,613,266,14,262,266,2660,830,103,81,620,405,656,1075,402,733,391,5780,2235,467,444,285,2759,356,1578,
27/09/2020,2102,3230,2011,3379,577,171,3587,2466,813,357,,1061,1400,263,204,254,29,693,756,3363,1380,1034,1178,,,678,2013,1384,1023,984,328,10,283,475,3267,1093,230,117,671,451,849,1059,420,1546,649,4374,1839,512,589,376,3975,470,2353,
28/09/2020,2087,2850,2100,3153,498,147,2653,2109,1054,225,,1346,1135,328,414,175,32,518,450,2386,1155,908,799,,,511,1539,683,905,832,300,18,361,548,1907,646,395,135,938,412,859,759,464,1398,918,4361,3192,650,717,405,3561,468,2125,
29/09/2020,2197,3934,2182,4401,584,183,2740,2379,988,232,,1380,1583,384,490,151,25,735,671,2561,1124,1088,920,,,715,1755,917,1096,1079,344,18,425,717,1894,806,392,162,1033,476,910,891,478,1072,1085,4665,3714,708,875,447,4925,555,3203,
30/09/2020,2040,3816,2074,4246,518,149,2582,2239,934,273,,1352,1507,314,476,399,26,635,777,2415,1226,933,845,,,751,1530,752,940,1056,260,22,387,631,1881,734,401,206,1058,469,985,708,537,1540,1090,4810,3886,703,862,378,4525,561,2941,
1/10/2020,1916,3431,2071,3722,490,144,2599,2180,846,213,,1355,1395,329,439,109,32,661,657,2354,1046,851,808,,,719,1499,765,925,986,250,27,396,599,1877,730,242,111,1028,430,949,722,548,1942,1002,4802,3351,719,808,336,4160,477,2507,
2/10/2020,1701,3301,1740,3629,362,141,2483,2054,704,194,,1113,1594,273,370,108,24,731,800,2436,1164,740,873,,,819,1466,782,974,992,229,25,311,517,1913,693,538,133,910,470,879,731,520,463,831,5777,3248,684,747,330,3943,462,2167,250
3/10/2020,1755,2900,1682,3115,445,133,3156,2088,779,272,,858,1322,242,220,100,20,548,679,2824,1131,770,858,,,697,1635,977,865,836,197,10,232,385,2215,911,488,161,713,506,683,774,424,374,530,5915,2552,524,481,289,4285,408,2063,393
4/10/2020,1964,2935,1948,3120,445,188,3598,2509,753,296,,1129,1351,250,255,97,9,566,694,3487,1238,799,1195,,,647,1824,1311,891,897,245,10,282,448,2823,1124,741,183,652,451,696,930,454,431,622,6507,2592,497,533,306,3869,465,2019,479
5/10/2020,2316,3283,1888,3491,588,245,3064,2695,993,345,,1214,1447,283,222,152,30,646,796,3641,1426,1024,1352,,,642,2290,1154,1066,1015,305,16,285,419,3132,1224,691,158,649,446,674,895,457,532,608,6160,2966,438,617,364,3703,487,1911,450
6/10/2020,2240,3650,1807,3993,514,153,2338,2098,1047,223,,1670,1443,339,532,120,17,682,716,2451,1105,1063,863,,,738,1597,743,1043,1114,342,22,391,652,1930,613,754,120,1093,422,867,716,624,809,1162,4909,3651,793,943,412,4422,560,2905,548
7/10/2020,2169,4396,1967,4698,547,157,2507,2467,1057,228,,1843,1673,363,544,112,35,740,921,2604,1335,1080,1059,,,905,1756,884,1179,1259,412,30,428,757,1915,769,1189,168,1207,483,1066,822,641,770,1277,5081,4205,851,981,420,5439,513,3528,616
8/10/2020,2103,3965,1924,4329,532,173,2567,2149,918,198,,1750,1587,327,570,101,15,764,790,2465,1194,1001,983,,,787,1503,746,1099,1213,357,26,392,687,1808,642,166,121,1202,406,918,755,591,790,1264,5063,3813,844,959,389,5132,478,3031,569
9/10/2020,1673,3652,1732,4116,388,132,2213,1984,724,194,,1450,1638,303,419,102,26,776,1015,2170,1074,797,890,,,893,1285,733,924,1096,276,17,369,605,1683,737,346,117,1097,366,947,659,548,644,1010,4967,3641,738,868,309,4399,459,2443,569
10/10/2020,2143,3227,1973,3418,486,140,2957,2089,880,262,,1121,1567,222,183,131,24,567,827,2980,1333,935,1087,,,691,1798,1084,893,969,285,22,237,389,2506,906,1833,208,785,438,722,938,438,423,541,6359,2892,618,569,510,5130,826,2355,405
11/10/2020,4819,3531,3468,3773,503,201,3645,2575,934,367,,1403,1461,265,222,125,28,588,888,3816,1380,1022,1350,,,825,2007,1402,1026,1188,296,18,244,435,2809,1240,1169,205,737,871,720,964,474,387,639,6758,2955,552,536,1375,5189,1773,2234,436
12/10/2020,2432,3212,1917,3585,567,155,2430,2010,1054,220,,1725,1262,429,484,124,18,603,568,2338,1037,1008,919,,,617,1733,745,955,974,356,29,380,656,1677,640,110,88,1014,400,756,888,572,819,1087,4703,3383,720,844,357,3696,493,2321,517
13/10/2020,2306,4260,1959,4633,531,168,2495,2425,1090,246,,1792,1683,324,592,116,24,774,888,2458,1262,1124,1048,,,844,1713,854,1004,1232,400,31,394,717,1789,727,888,175,1132,448,959,743,581,926,1278,5052,4143,807,1028,423,5044,569,3241,628
14/10/2020,1872,3104,1823,3455,441,130,2157,1856,910,180,,1844,1220,329,450,105,30,556,532,1989,913,904,747,,,616,1615,680,960,933,310,26,379,585,1461,521,343,178,939,474,844,775,488,914,1053,4136,3334,648,802,390,3466,507,2164,473
15/10/2020,2152,3969,2054,4408,513,149,2453,2129,960,208,,1819,1617,338,536,151,26,871,861,2490,1258,976,939,,,911,1582,832,991,1196,411,22,405,707,1883,665,1824,151,1163,522,949,753,577,831,1200,5065,3791,800,944,369,4724,512,3111,602
16/10/2020,1702,3601,1746,3967,396,132,2149,1968,787,226,,1524,1633,291,407,136,27,844,940,2238,1134,809,962,,,801,1216,746,1016,1043,339,32,320,609,1842,698,1615,123,1073,460,877,637,508,703,946,4794,3520,782,859,333,4439,368,2497,498
17/10/2020,1755,3088,1622,3270,498,111,2730,2274,873,241,,1430,1427,962,200,113,23,633,863,2932,1219,850,1103,,,781,1682,1078,955,990,252,13,240,391,2487,976,1002,145,791,477,858,1035,407,393,572,6119,2819,610,472,357,3809,431,2164,424
18/10/2020,2141,3226,1676,3412,567,181,2970,2606,840,215,,1417,1430,406,219,101,22,585,728,3200,1395,923,1190,,,670,1806,1274,1056,922,233,9,190,414,2607,1219,382,142,781,388,783,770,450,405,595,5971,2964,626,525,353,3742,431,2098,439
19/10/2020,2223,3157,1899,3421,561,166,2250,2017,986,232,,1609,1203,291,473,108,19,530,484,2293,1019,1013,870,284,160,560,1570,663,1021,948,333,23,427,626,1731,641,672,121,985,377,835,671,535,1062,1051,4443,3300,662,833,435,3673,485,2386,524
20/10/2020,2297,4433,1938,4694,572,186,2432,2433,989,201,,1697,1747,387,594,135,36,805,871,2444,1368,1094,1025,384,287,840,1659,815,1089,1222,390,39,462,755,1863,755,676,189,1215,420,975,758,676,1054,1348,4798,4253,853,1113,470,5478,552,3407,624
21/10/2020,1769,3861,1672,4279,459,114,2027,2230,867,188,,1732,1501,312,480,120,37,729,830,2022,1151,897,895,365,208,747,1389,747,923,1170,339,24,400,680,1580,680,404,207,1185,366,950,622,555,806,1190,4424,3935,868,901,437,4783,491,3124,607
22/10/2020,1832,3066,1775,3341,505,120,2191,1796,941,153,,1812,1218,356,419,106,13,644,577,1947,917,931,702,290,161,524,1462,666,960,852,226,38,404,522,1389,547,403,149,915,383,819,705,447,684,964,4398,3164,649,772,342,3647,448,2253,448
23/10/2020,1605,3483,1665,3851,448,121,2355,1973,749,219,,1653,1543,309,391,153,26,802,879,2065,1141,855,975,305,165,853,1238,750,961,996,226,24,284,504,1528,671,307,88,1091,494,904,668,487,704,899,4790,3462,779,841,283,4309,421,2418,475
24/10/2020,1132,2064,1158,2142,375,100,1994,1121,515,119,,847,982,157,157,73,5,524,623,1623,742,626,724,200,125,571,1125,641,581,541,79,21,166,270,1096,502,343,194,497,477,481,969,246,225,421,4360,1797,390,399,189,2567,277,1540,261
25/10/2020,1694,1884,1606,1950,491,100,2147,1363,712,177,,1071,901,183,121,101,20,448,504,2219,689,784,717,312,185,419,1527,692,885,564,127,16,192,288,1541,635,282,98,369,390,432,736,259,284,347,4061,1546,262,335,302,2158,397,1239,257
26/10/2020,2267,2894,2120,3247,567,131,2414,1884,1095,158,,1811,1124,345,441,140,26,540,459,2278,917,1042,804,315,197,453,1867,656,1047,900,280,26,389,547,1768,573,440,96,887,389,694,840,486,611,941,4193,3120,664,711,372,3418,536,2189,453
27/10/2020,1141,2720,994,2978,316,109,1504,1318,677,119,,1254,1126,237,369,66,13,535,630,1304,708,690,640,238,142,603,857,527,649,777,106,25,257,405,913,441,338,79,684,284,585,516,415,665,751,2806,2577,549,577,270,3191,320,2103,337
28/10/2020,1564,2340,1627,2597,440,78,1771,1271,754,131,,1425,1012,290,293,88,10,372,530,1623,663,809,532,277,236,482,1411,523,813,667,209,13,245,375,1131,452,695,79,713,368,654,496,321,487,635,3418,2430,482,522,323,2699,416,1603,260
29/10/2020,2001,3229,2038,3537,515,132,2393,2015,949,135,,1823,1290,328,450,152,36,582,574,2306,1044,1042,849,320,250,586,1740,745,1042,1019,388,39,388,559,1581,558,511,128,1035,531,972,695,478,663,1034,3194,2020,705,750,407,3960,450,2433,567
30/10/2020,1773,3742,1550,4121,454,123,2345,2142,703,158,,1617,1586,552,438,103,35,883,969,2209,1131,783,1005,290,218,787,1610,855,930,1114,334,24,294,560,1786,758,1037,148,1053,456,975,711,488,633,1033,4779,3647,756,819,354,4505,405,2479,519
31/10/2020,1242,2664,1087,2818,364,98,1969,1446,554,119,,712,1224,174,177,75,23,535,823,2003,906,653,737,234,131,754,1269,877,700,811,159,11,167,347,1543,644,116,48,632,341,547,539,334,284,456,3830,2145,492,447,250,3860,368,1912,370
1/11/2020,2002,3205,1647,3195,461,147,2893,2417,794,277,,1122,1368,285,197,118,20,496,769,3172,1414,933,1105,331,232,686,1759,1255,1045,922,319,34,222,458,2726,1148,576,142,684,542,714,867,436,352,610,5862,2937,488,535,384,3881,441,2105,466
2/11/2020,2241,3263,1708,3628,514,154,2102,1976,1004,196,,1529,1254,355,458,151,26,639,534,2270,1083,1029,942,378,213,613,1672,737,1013,967,371,25,358,654,1927,597,244,54,1007,419,858,653,481,831,1059,4681,3476,720,770,396,4078,496,2478,552
3/11/2020,2168,4220,1776,4482,577,155,2237,2255,1026,213,,1577,1692,406,562,137,18,718,824,2318,1232,1082,1028,384,248,797,1576,859,1141,1194,407,29,413,722,1825,640,200,77,1127,388,1024,773,567,892,1233,4575,4013,807,925,463,5261,516,3254,743
4/11/2020,1978,3882,1707,4238,552,154,2250,2116,956,178,,1577,1523,355,575,136,47,714,863,2194,1159,902,931,315,238,878,1483,829,1096,1127,365,28,424,657,1864,635,134,96,1091,423,960,637,519,770,1197,4530,4038,783,928,444,4792,485,3088,597
5/11/2020,1865,3524,1522,3920,430,151,2070,2118,841,173,,1434,1454,328,527,112,22,707,816,1994,1040,805,815,296,203,826,1347,800,858,1046,301,24,386,702,1606,623,128,55,1044,389,890,547,498,748,1209,4306,3636,702,862,335,4448,433,2695,605
6/11/2020,1674,3507,1582,4047,447,163,2339,1854,857,208,,1369,1592,287,423,89,30,960,893,2280,1134,784,945,308,211,970,1468,805,1050,1013,358,25,349,589,1980,656,141,57,1095,311,998,698,529,751,990,5123,3776,797,813,409,4383,402,2393,528
7/11/2020,1718,2899,1466,3103,533,128,2904,1902,815,267,,964,1502,206,226,94,29,722,744,3053,1189,886,1048,323,309,725,1600,1035,930,914,258,15,226,422,2322,846,157,76,671,415,740,823,490,335,594,5903,2667,519,608,354,4380,371,1989,456
8/11/2020,1942,2802,1680,2923,550,139,2939,2022,947,306,,1142,1165,247,169,108,28,672,658,2755,1091,904,1005,356,221,595,1873,926,1021,954,180,19,219,362,1884,797,139,195,618,381,621,1030,406,381,471,4913,2464,431,429,329,3133,382,1789,307
9/11/2020,2238,3277,2103,3574,539,154,2353,2114,1040,200,,1527,1280,411,464,111,29,676,534,2320,1116,1089,818,337,220,516,1683,719,994,974,397,34,419,617,1937,646,451,111,946,382,902,792,537,827,1138,4361,3491,635,819,405,4314,474,2551,527
10/11/2020,2183,4222,1997,4712,589,155,2563,2436,1090,211,,1590,1693,440,549,165,32,887,805,2524,1288,1100,1054,411,255,831,1733,864,1089,1176,418,29,488,725,1823,728,902,253,1166,436,1041,725,595,926,1321,4594,4235,825,964,481,5512,550,3255,637
11/11/2020,2216,4104,2010,4588,548,168,2322,2307,911,226,,1556,1518,355,554,153,52,831,770,2299,1189,976,892,342,215,786,1462,864,1054,1140,370,29,428,730,1893,718,642,197,1137,468,1045,667,546,971,1280,4508,4117,791,969,440,5573,491,3211,660
12/11/2020,2109,3798,1654,4274,532,170,2443,2232,941,203,,1408,1479,362,494,110,30,827,750,2216,1140,915,1005,300,197,745,1427,825,1011,1070,300,30,430,699,1652,683,245,84,1105,386,982,656,554,978,1252,4298,3927,767,940,437,5916,475,2871,601
13/11/2020,1581,3441,1315,3958,441,134,1872,1815,693,188,,1183,1478,239,406,110,25,839,900,1787,1119,776,899,279,196,822,1196,718,864,977,218,25,337,482,1398,566,725,104,933,370,896,576,497,673,882,4095,3408,754,799,281,4218,378,2435,424
14/11/2020,1565,2734,1265,2974,350,124,2145,1921,642,188,,748,1279,181,161,91,17,534,744,2686,1125,757,937,256,211,688,1499,960,746,869,204,14,206,407,2167,851,513,142,639,434,695,763,397,327,519,5509,2601,481,550,313,3723,381,1924,410
15/11/2020,1708,2921,1274,3175,377,167,3161,1694,618,199,,829,1177,180,206,90,18,503,715,2646,1122,685,1036,247,186,682,1714,1116,795,916,143,12,256,452,1907,938,68,23,736,337,629,724,460,411,643,5845,3210,537,601,339,3555,362,1952,438
16/11/2020,1959,3113,1245,3512,418,143,1924,1880,756,147,,1236,1183,291,460,108,36,554,496,2110,1097,829,843,241,204,587,1651,714,850,904,205,29,383,678,1456,581,24,16,966,279,861,508,522,806,1066,4095,3435,720,809,313,3602,412,2313,528
17/11/2020,1468,3771,1231,4132,367,112,1692,2091,651,120,,1163,1408,293,498,107,18,629,733,1752,1072,775,897,303,197,827,1379,754,792,984,153,32,364,654,1192,613,791,58,1026,313,940,570,507,708,1098,3580,3729,709,849,380,4588,389,2721,534
18/11/2020,1813,3870,1620,4291,470,131,2214,2137,739,167,,1291,1632,289,487,123,32,734,845,2145,1175,958,899,302,216,861,1581,753,983,1162,272,38,470,660,1512,630,710,54,1087,287,991,545,552,767,1168,4161,4079,822,893,390,4829,415,2862,581
19/11/2020,1847,3704,1534,4128,450,141,2247,2287,817,146,,1265,1538,354,486,129,28,827,696,2231,1155,907,931,319,208,709,1746,840,973,993,312,20,416,674,1735,624,269,72,1091,361,930,600,546,722,1200,4287,3908,799,922,365,4830,390,2761,612
20/11/2020,1636,3565,1390,4034,416,138,2060,2101,630,173,,1031,1590,291,386,79,35,794,940,2109,1056,808,918,245,206,692,1342,831,930,980,268,25,372,623,1760,669,49,68,1018,340,923,606,479,758,956,4762,3553,786,885,339,4220,336,2273,524
21/11/2020,1607,2867,1356,3076,372,133,2552,1875,619,181,,642,1369,167,178,86,17,614,817,2628,1051,827,969,273,200,644,1514,1028,804,807,236,12,221,398,2062,807,164,55,687,365,718,829,351,347,483,5540,2616,570,512,296,3709,376,2193,428
22/11/2020,1874,2916,1379,3123,500,166,2568,2168,535,191,,728,1260,183,185,98,27,507,760,2883,1170,853,1141,247,286,630,1646,1121,957,907,189,11,240,433,2296,936,325,73,656,358,659,853,368,341,574,5680,2628,521,507,334,3480,421,1908,475
23/11/2020,2031,3389,1474,3709,498,179,1936,2102,776,155,,1115,1206,301,481,120,32,558,585,2251,1042,870,889,229,208,506,1585,831,894,931,287,25,404,657,1714,630,126,49,959,300,861,642,529,641,1144,4140,3666,666,828,354,3913,437,2568,564
24/11/2020,1681,3708,1252,4260,447,151,1759,2235,620,140,,1011,1508,301,526,89,32,565,789,1967,1103,804,910,296,237,745,1360,859,758,990,216,32,364,683,1323,585,266,96,1011,346,971,518,546,665,1103,3794,3874,738,882,342,4555,406,2779,559
25/11/2020,1925,3894,1583,4370,589,147,2212,2370,777,142,,1282,1521,352,555,111,29,678,856,2151,1208,952,939,307,244,713,1738,904,955,1034,174,36,490,714,1374,645,188,94,1103,345,991,674,575,762,1266,4147,4115,795,919,378,4684,443,2882,635
26/11/2020,1862,3715,1417,4226,436,146,1998,2278,812,194,,1098,1502,265,499,123,17,741,780,2043,1110,827,977,253,217,817,1455,842,807,1061,234,22,362,664,1623,653,906,120,1034,337,896,520,535,630,1149,4085,3845,746,894,359,4568,421,2816,548
27/11/2020,1403,3489,1155,4015,362,140,1975,1912,607,122,,1063,1518,247,436,158,27,695,944,1980,1072,687,964,280,191,855,1377,741,823,986,219,19,348,502,1341,585,324,40,989,316,894,505,436,562,891,4312,3568,710,842,312,4481,356,2271,906
28/11/2020,1552,2574,1193,2752,604,134,2260,1509,565,179,,662,1303,189,189,112,17,481,753,2332,1037,1071,961,253,189,632,1384,938,811,770,188,11,198,386,1820,730,237,85,644,309,672,777,407,296,493,5281,2600,482,499,286,3256,346,1796,396
29/11/2020,1646,2850,1064,3027,352,159,2183,1911,408,195,,487,1263,184,188,105,20,405,724,2416,1124,632,995,204,174,646,1494,1009,669,803,159,15,240,396,2027,814,269,45,657,319,669,708,336,361,565,5293,2638,494,547,323,3419,325,1898,456
30/11/2020,1900,3203,1326,3611,505,164,1764,2115,674,123,,1013,1315,301,518,118,36,506,573,2107,1101,768,904,291,197,606,1708,711,748,871,247,30,352,619,1462,585,49,40,942,329,862,455,462,651,1108,3976,3486,699,855,356,3906,411,2498,531
1/12/2020,1922,4133,1197,4519,490,178,1899,2531,633,169,,928,1626,249,586,110,13,542,775,2096,1216,884,997,279,220,804,1504,874,829,1108,176,30,465,717,1414,702,309,39,1079,236,1048,454,552,725,1378,3994,4103,759,988,433,3336,422,5242,627
2/12/2020,1510,3699,1087,4139,350,161,1465,2177,479,103,,845,1475,229,521,170,29,418,835,1782,1056,663,866,192,153,786,1214,731,760,1012,155,22,285,715,1355,625,323,139,1106,323,926,410,540,647,1237,3858,3816,820,933,404,2984,338,4581,606
3/12/2020,1684,3565,1081,3950,413,163,1841,2090,516,104,,912,1499,260,483,114,20,424,770,1761,1105,783,876,227,146,765,1405,754,680,956,125,32,338,633,1242,566,306,31,1037,210,863,364,529,520,1108,3943,3612,733,814,394,2638,361,4156,551
4/12/2020,1270,3166,948,3630,314,100,1470,1632,460,154,,637,1502,208,352,98,28,527,867,1694,962,580,860,179,168,756,1164,672,725,884,114,25,236,550,1293,497,283,49,903,287,810,422,463,557,864,4306,3345,674,704,333,2257,341,4020,476
5/12/2020,1236,2366,860,2502,423,111,1713,1492,376,145,,457,1164,151,132,255,11,379,709,1886,985,840,759,172,128,629,1149,772,514,720,99,9,123,308,1457,605,125,83,558,280,662,619,344,264,316,4610,2295,456,402,291,1777,280,3117,301
6/12/2020,1419,2485,794,2543,260,115,1551,1670,271,127,,358,1037,116,147,110,13,317,730,2140,930,576,900,162,177,692,1319,932,583,719,71,12,150,311,1484,702,131,113,574,299,550,514,306,276,404,4723,2193,412,383,311,1759,308,3103,282
7/12/2020,1024,2392,767,2795,282,106,1150,1577,420,89,,794,1051,163,354,107,9,215,443,1129,793,564,616,150,139,463,790,549,517,699,30,21,247,499,645,410,213,55,729,169,687,268,403,435,860,2587,2759,519,622,261,1829,291,2848,414
8/12/2020,1888,3869,1317,4237,476,138,2119,2237,757,156,,1059,1583,357,487,106,38,507,709,2139,1106,982,813,286,210,670,1537,834,893,1011,284,21,393,714,1610,661,324,106,1044,299,943,527,552,647,1150,4119,3838,763,,415,2864,294,4636,614
9/12/2020,1840,3814,1494,4190,491,155,2124,2223,711,161,,1146,1552,297,505,121,21,666,805,2007,1164,809,864,306,219,790,1561,852,988,977,388,24,384,711,1688,664,1700,182,1150,319,946,514,569,667,1216,4264,4153,792,908,432,2947,374,4913,635
10/12/2020,1726,3677,1283,4172,489,147,2176,2253,713,154,,998,1615,296,418,106,28,728,737,1878,1164,793,851,266,190,704,1358,838,935,1031,350,41,378,668,1331,616,778,94,773,275,973,528,550,658,1067,4058,3447,720,883,407,2863,426,5424,704
11/12/2020,1094,3012,921,3460,353,109,1841,1837,558,125,,935,1337,232,371,77,25,579,752,1516,872,639,716,216,176,660,981,625,681,777,281,36,272,417,927,548,306,145,0,326,799,626,437,445,812,4024,3116,648,687,277,2079,372,3709,389
12/12/2020,702,785,1037,866,542,58,1331,572,386,98,,529,475,157,62,78,16,288,170,1171,327,716,432,168,86,137,790,312,514,260,189,1,112,105,786,240,126,30,0,294,310,589,179,172,129,2885,843,187,178,235,607,180,1131,75
13/12/2020,204,183,465,180,158,17,544,174,203,18,,256,87,59,27,21,5,125,30,504,63,195,68,66,49,50,210,66,210,67,83,3,73,33,313,52,1891,7,0,165,94,351,57,109,50,1091,272,48,40,105,166,85,240,25
14/12/2020,505,615,790,712,183,38,667,320,268,42,,517,248,114,124,57,15,164,83,588,146,177,114,110,43,106,366,97,432,196,91,7,108,113,273,109,103,15,0,150,199,228,118,194,216,1581,795,158,204,223,483,156,750,84
15/12/2020,1720,2525,1978,2778,465,114,2183,1530,726,129,,1219,1064,232,357,116,14,479,376,1875,805,933,678,282,323,431,1644,587,786,743,352,27,312,501,1494,511,1198,63,260,418,727,415,393,502,792,4043,2760,491,658,459,1907,280,2974,356
16/12/2020,1074,2552,1225,2858,379,103,1656,1385,457,103,,974,1064,208,350,87,28,355,465,1122,774,597,671,214,156,497,956,535,583,720,219,15,281,435,867,433,189,34,753,323,660,337,389,564,782,3490,2808,538,639,346,1971,242,3210,372
17/12/2020,1225,1800,1238,2084,313,76,1649,1008,597,72,,1081,746,196,287,90,16,307,247,1192,574,654,399,189,155,285,971,435,666,457,211,9,210,348,763,352,206,42,574,297,540,443,322,359,603,3157,2004,378,497,302,1406,189,2142,265
18/12/2020,1265,2826,1147,3071,368,107,1814,1600,449,113,,973,1229,236,328,93,15,555,600,1572,807,571,664,189,178,599,1077,606,679,724,238,3,269,431,1120,520,400,80,819,424,742,387,398,435,764,4466,2801,597,692,355,1945,261,3477,366
19/12/2020,1196,2445,894,2606,610,90,2064,1546,456,116,,506,1364,146,141,90,20,485,777,1936,960,982,774,228,197,679,1273,837,751,759,184,15,219,319,1394,648,223,34,605,386,576,457,397,312,490,4724,2295,461,536,335,1957,234,3382,356
20/12/2020,1226,2421,855,2438,346,108,1847,1655,443,151,,555,1034,140,175,110,43,464,588,2013,1040,595,823,205,161,659,1222,941,651,673,192,23,177,345,1344,710,271,37,494,289,589,654,347,307,535,4895,2251,380,538,317,1783,287,3303,375
21/12/2020,1400,2610,951,2927,496,127,1962,1558,513,159,,742,1060,235,365,128,27,457,496,1816,885,724,725,230,189,494,1393,668,736,753,265,17,290,445,1341,518,299,39,756,266,715,399,398,464,776,4378,2808,524,606,336,1750,299,3058,376
22/12/2020,1109,2964,1004,3236,372,133,1703,1580,546,90,,797,1171,217,319,112,14,429,714,1507,854,682,712,210,168,709,1046,618,718,772,174,20,265,480,955,583,247,53,745,221,693,397,416,430,829,3855,2622,538,616,293,2122,306,3693,426
23/12/2020,1202,2881,1109,2951,401,130,1794,1488,566,121,,758,1232,263,316,110,20,514,635,1719,819,670,715,212,170,644,1127,619,655,804,302,20,276,388,1239,586,232,46,744,306,683,414,422,401,681,4700,2028,543,567,297,1860,307,3430,370
24/12/2020,1061,2694,859,2874,388,110,1776,1230,545,143,,619,1256,176,210,82,24,672,808,1606,815,749,865,240,176,655,1181,664,647,766,229,13,256,329,922,551,447,111,608,205,580,413,344,330,607,1665,1729,457,525,247,1736,260,3232,392
25/12/2020,1000,1239,796,1273,1073,51,1795,937,435,88,,371,545,109,44,71,6,304,332,1403,567,470,434,139,67,259,1312,403,584,356,164,3,128,132,1107,456,318,80,240,156,258,341,183,198,159,2664,600,162,242,193,796,170,1684,130
26/12/2020,1330,2264,1080,2236,654,130,2353,1549,561,192,,462,936,194,162,94,29,596,627,2001,844,875,921,254,223,588,1514,817,705,644,257,7,198,272,1696,765,1159,84,466,270,525,357,265,285,410,4452,2036,392,401,336,1559,297,3206,319
27/12/2020,1600,2918,1200,3038,440,126,2871,2171,605,211,,595,1222,162,157,115,23,574,797,2542,1173,795,1000,310,264,680,1568,1241,793,802,341,15,266,432,2445,1008,669,82,537,407,611,818,412,374,520,6150,2539,406,451,397,1914,345,4190,484
28/12/2020,1592,2730,970,2711,401,118,2687,2250,653,242,,541,1090,172,167,100,16,495,663,2513,1069,811,1001,284,197,623,1712,1020,801,751,260,10,252,362,2218,974,142,44,519,295,677,580,358,358,477,5726,2420,412,468,351,1795,357,3285,384
29/12/2020,1386,2873,919,2839,471,132,2679,2085,617,252,,591,1192,208,177,98,26,564,773,2544,1124,799,1098,301,248,571,1631,1015,720,847,246,14,263,344,1839,867,159,51,597,217,727,474,388,322,473,5221,2668,425,477,324,1971,315,3592,400
30/12/2020,1170,2082,1013,2081,440,112,2334,1458,624,184,,549,906,200,162,98,20,504,549,1777,818,808,902,217,183,472,1571,733,574,589,184,20,217,287,1210,636,151,21,488,223,524,602,309,424,429,4100,2119,368,411,227,1298,207,2503,353
31/12/2020,558,1256,568,1307,259,49,976,631,329,45,,`,506,104,96,75,5,300,346,1015,389,427,471,172,106,336,670,503,320,347,134,1,100,157,649,327,260,41,184,144,230,211,126,147,228,1531,993,169,188,329,1302,271,3054,275
